title,digital,status,existing_match,source_tmdbId,source_year,notes,tmdbId,tmdbTitle,tmdbOriginalTitle,tmdbYear,tmdbReleaseDate,tmdbOverview,tmdbPosterPath,tmdbBackdropPath,match_type,confidence,review
A Christmas Story,Fandango | Movies Anywhere,MATCH_EXISTING,A Christmas Story,850,1983,,850,A Christmas Story,A Christmas Story,1983,1983-11-18,"The comic mishaps and adventures of a young boy named Ralph, trying to convince his parents, teachers, and Santa that a Red Ryder B.B. gun really is the perfect Christmas gift for the 1940s.",/34nSHYqmb7222tiqiuKqKJmZiQa.jpg,/feCcRTZNGUop3LnWBLTToYhd03S.jpg,EXISTING_TMDB_ID,CONFIDENT,
A League of Their Own,Fandango | Movies Anywhere,MATCH_EXISTING,A League of Their Own,11287,1992,,11287,A League of Their Own,A League of Their Own,1992,1992-07-01,"As America's stock of athletic young men is depleted during World War II, a professional all-female baseball league springs up in the Midwest, funded by publicity-hungry candy maker Walter Harvey. Competitive sisters Dottie Hinson and Kit Keller spar with each other, scout Ernie Capadino and grumpy has-been coach Jimmy Dugan on their way to fame.",/f9BtX6wYOwJUyfUr4vyeT3COz6m.jpg,/kb2FuXGruaPA6ErjOpcifpCyPyY.jpg,EXISTING_TMDB_ID,CONFIDENT,
A Star Is Born,Fandango | Movies Anywhere,MATCH_EXISTING,A Star Is Born,332562,2018,,332562,A Star Is Born,A Star Is Born,2018,2018-10-03,"Seasoned musician Jackson Maine discovers — and falls in love with — struggling artist Ally. She has just about given up on her dream to make it big as a singer — until Jack coaxes her into the spotlight. But even as Ally's career takes off, the personal side of their relationship is breaking down, as Jack fights an ongoing battle with his own internal demons.",/wrFpXMNBRj2PBiN4Z5kix51XaIZ.jpg,/dDYpjrwh1wNVQk0rEpc9P81wQt4.jpg,EXISTING_TMDB_ID,CONFIDENT,
A Very Harold & Kumar Christmas,Fandango | Movies Anywhere,MATCH_EXISTING,A Very Harold & Kumar Christmas,55465,2011,"Title variant normalized to existing movie record; per your rule, assume same version.",55465,A Very Harold & Kumar Christmas,A Very Harold & Kumar Christmas,2011,2011-11-04,"Six years have elapsed since Guantanamo Bay, leaving Harold and Kumar estranged from one another with very different families, friends and lives. But when Kumar arrives on Harold's doorstep during the holiday season with a mysterious package in hand, he inadvertently burns down Harold's father-in-law's beloved Christmas tree. To fix the problem, Harold and Kumar embark on a mission through New York City to find the perfect Christmas tree, once again stumbling into trouble at every single turn.",/cncxLilRHKayn8VKhzjAMHkbN4f.jpg,/A5VmqOiOXHUqX8QMnXuYJdIOXeD.jpg,EXISTING_TMDB_ID,CONFIDENT,
"A-Team, The",Fandango | Movies Anywhere,MATCH_EXISTING,"A-Team, The",34544,2010,,34544,The A-Team,The A-Team,2010,2010-06-09,"A man who loves when a plan comes together, Col. Hannibal Smith leads a close-knit team of elite operatives and Iraq War veterans. Framed for a crime they didn't commit, Smith and his men, Capt. H.M. ‘Howling Mad’ Murdock , Sgt. Bosco ‘B.A.’ Baracus, and Lt. Templeton ‘Faceman’ Peck, break out and go rogue, using their special talents to clear their names and find the perpetrator. Hot on their trail is Capt. Charissa Sosa, who was once involved with a member of Smith's team and has sworn to capture them, no matter what it takes.",/bkAWEx5g5tvRPjtDQyvIZ7LRxQm.jpg,/puAUfSiVrQO2DPKOobHFjqVcXPt.jpg,EXISTING_TMDB_ID,CONFIDENT,
Abraham Lincoln: Vampire Hunter,Fandango | Movies Anywhere,MATCH_EXISTING,Abraham Lincoln: Vampire Hunter,72331,2012,,72331,Abraham Lincoln: Vampire Hunter,Abraham Lincoln: Vampire Hunter,2012,2012-06-20,"President Lincoln's mother is killed by a supernatural creature, which fuels his passion to crush vampires and their slave-owning helpers.",/qv8deK0ZmutAuEpejruQKApIy6r.jpg,/ei4bXNp4hBrfUEvWkp7usnQeGQP.jpg,EXISTING_TMDB_ID,CONFIDENT,
"Accountant 2, The",Fandango,MATCH_EXISTING,"Accountant 2, The",870028,2025,,870028,The Accountant²,The Accountant²,2025,2025-04-23,"When an old acquaintance is murdered, Wolff is compelled to solve the case. Realizing more extreme measures are necessary, Wolff recruits his estranged and highly lethal brother, Brax, to help. In partnership with Marybeth Medina, they uncover a deadly conspiracy, becoming targets of a ruthless network of killers who will stop at nothing to keep their secrets buried.",/lUvfTcOZiK0sdcX0WNLPbMyKjGm.jpg,/yBDvgpyynDsbMyK21FoQu1c2wYR.jpg,EXISTING_TMDB_ID,CONFIDENT,
"Accountant, The",Fandango | Movies Anywhere,MATCH_EXISTING,"Accountant, The",302946,2016,,302946,The Accountant,The Accountant,2016,2016-10-13,"As a math savant uncooks the books for a new client, the Treasury Department closes in on his activities and the body count starts to rise.",/fceheXB5fC4WrLVuWJ6OZv9FXYr.jpg,/dTGECn8He16tZeBHQTLf6rVydE8.jpg,EXISTING_TMDB_ID,CONFIDENT,
Across the Universe,Fandango | Movies Anywhere,MATCH_EXISTING,Across the Universe,4688,2007,,4688,Across the Universe,Across the Universe,2007,2007-09-14,"When young dockworker Jude leaves Liverpool to find his estranged father in the United States, he is swept up by the waves of change that are re-shaping the nation. Jude falls in love with Lucy, who joins the growing anti-war movement. As the body count in Vietnam rises, political tensions at home spiral out of control and the star-crossed lovers find themselves in a psychedelic world gone mad.",/447c8Te3DXC46rQvDEixKGO4dS6.jpg,/s2mJnlqvRwVo1XpnmuPGvWso7pJ.jpg,EXISTING_TMDB_ID,CONFIDENT,
"Amazing Spider-Man, The",Fandango | Movies Anywhere,MATCH_EXISTING,"Amazing Spider-Man, The",1930,2012,,1930,The Amazing Spider-Man,The Amazing Spider-Man,2012,2012-06-23,A teenage Peter Parker grapples with both high school and amazing super-human crises as his alter-ego Spider-Man.,/jexoNYnPd6vVrmygwF6QZmWPFdu.jpg,/HVcza6tJtWFrLriuh3Ano4Vt46.jpg,EXISTING_TMDB_ID,CONFIDENT,
Aquaman,Fandango | Movies Anywhere,MATCH_EXISTING,Aquaman,297802,2018,,297802,Aquaman,Aquaman,2018,2018-12-07,"Half-human, half-Atlantean Arthur Curry is taken on the journey of his lifetime to discover if he is worth of being a king.",/ufl63EFcc5XpByEV2Ecdw6WJZAI.jpg,/9QusGjxcYvfPD1THg6oW3RLeNn7.jpg,EXISTING_TMDB_ID,CONFIDENT,
Batman Begins,Fandango | Movies Anywhere,MATCH_EXISTING,Batman Begins,272,2005,,272,Batman Begins,Batman Begins,2005,2005-06-10,"Driven by tragedy, billionaire Bruce Wayne dedicates his life to uncovering and defeating the corruption that plagues his home, Gotham City.  Unable to work within the system, he instead creates a new identity, a symbol of fear for the criminal underworld - The Batman.",/sPX89Td70IDDjVr85jdSBb4rWGr.jpg,/9IIBboV7MCT0bTxzXHmWK1Hq558.jpg,EXISTING_TMDB_ID,CONFIDENT,
Batman v Superman: Dawn of Justice,Fandango | Movies Anywhere | Prime,MATCH_EXISTING,Batman v Superman: Dawn of Justice,209112,2016,,209112,Batman v Superman: Dawn of Justice,Batman v Superman: Dawn of Justice,2016,2016-03-23,"Fearing the actions of a god-like Super Hero left unchecked, Gotham City’s own formidable, forceful vigilante takes on Metropolis’s most revered, modern-day savior, while the world wrestles with what sort of hero it really needs. And with Batman and Superman at war with one another, a new threat quickly arises, putting mankind in greater danger than it’s ever known before.",/5UsK3grJvtQrtzEgqNlDljJW96w.jpg,/5fX1oSGuYdKgwWmUTAN5MNSQGzr.jpg,EXISTING_TMDB_ID,CONFIDENT,
"Batman, The",Fandango | Movies Anywhere,MATCH_EXISTING,"Batman, The",414906,2022,,414906,The Batman,The Batman,2022,2022-03-01,"In his second year of fighting crime, Batman uncovers corruption in Gotham City that connects to his own family while facing a serial killer known as the Riddler.",/74xTEgt7R36Fpooo50r9T25onhq.jpg,/rvtdN5XkWAfGX6xDuPL6yYS2seK.jpg,EXISTING_TMDB_ID,CONFIDENT,
Baywatch,Fandango,MATCH_EXISTING,Baywatch,339846,2017,,339846,Baywatch,Baywatch,2017,2017-05-25,"Devoted lifeguard Mitch Buchannon butts heads with a brash new recruit. Together, they uncover a local criminal plot that threatens the future of the Bay.",/6HE4xd8zloDqmjMZuhUCCw2UcY1.jpg,/6QmX2BDVr1hIOIPHqnxvp1C1ZZp.jpg,EXISTING_TMDB_ID,CONFIDENT,
Beauty and the Beast,Fandango | Movies Anywhere,MATCH_EXISTING,Beauty and the Beast,321612,2017,,321612,Beauty and the Beast,Beauty and the Beast,2017,2017-03-16,A live-action adaptation of Disney's version of the classic tale of a cursed prince and a beautiful young woman who helps him break the spell.,/hKegSKIDep2ewJWPUQD7u0KqFIp.jpg,/uU1Mt4JWhDvl4vKb3AfxNsorkoM.jpg,EXISTING_TMDB_ID,CONFIDENT,
"Beekeeper, The",Fandango,MATCH_EXISTING,"Beekeeper, The",866398,2024,,866398,The Beekeeper,The Beekeeper,2024,2024-01-08,One man's campaign for vengeance takes on national stakes after he is revealed to be a former operative of a powerful and clandestine organization known as Beekeepers.,/A7EByudX0eOzlkQ2FIbogzyazm2.jpg,/f0ACHVpV707zqu4etZrXnWNdSgL.jpg,EXISTING_TMDB_ID,CONFIDENT,
Begin Again,Fandango | Movies Anywhere,MATCH_EXISTING,Begin Again,198277,2014,,198277,Begin Again,Begin Again,2014,2014-06-27,"Gretta, a budding songwriter, finds herself alone after her boyfriend Dave ditches her. Her life gains purpose when Dan, a record label executive, notices her talent.",/qx4HXHXt528hS4rwePZbZo20xqZ.jpg,/xrSRmL6pXnRfu9vKwayILkNgLP.jpg,EXISTING_TMDB_ID,CONFIDENT,
"Best Christmas Pageant Ever, The",Fandango | Movies Anywhere,MATCH_EXISTING,"Best Christmas Pageant Ever, The",1206617,2024,,1206617,The Best Christmas Pageant Ever,The Best Christmas Pageant Ever,2024,2024-11-07,"The Herdman kids are undeniably the worst kids in the history of the world. They lie, steal, cheat, bully and overall terrorize their small community. But this Christmas, they're taking over their local church Pageant – and they just might unwittingly teach a shocked little town the true meaning of Christmas.",/6XjvhydAlXbQodoWbIf77H0Dd9R.jpg,/1AIwhOIMktmgesIqNcwUsQWYLl5.jpg,EXISTING_TMDB_ID,CONFIDENT,
"Bodyguard, The",Fandango | Movies Anywhere,MATCH_EXISTING,"Bodyguard, The",619,1992,,619,The Bodyguard,The Bodyguard,1992,1992-11-25,"A former Secret Service agent grudgingly takes an assignment to protect a pop idol who's threatened by a crazed fan. At first, the safety-obsessed bodyguard and the self-indulgent diva totally clash. But before long, all that tension sparks fireworks of another sort, and the love-averse tough guy is torn between duty and romance.",/ihWF0uY1xnKqw9YK7ZHNLUZOhcO.jpg,/bJyb7Bk9PLUslPggangniTBLzHO.jpg,EXISTING_TMDB_ID,CONFIDENT,
"Bourne Identity, The",Fandango | Movies Anywhere,MATCH_EXISTING,"Bourne Identity, The",2501,2002,,2501,The Bourne Identity,The Bourne Identity,2002,2002-06-14,"Wounded to the brink of death and suffering from amnesia, Jason Bourne is rescued at sea by a fisherman. With nothing to go on but a Swiss bank account number, he starts to reconstruct his life, but finds that many people he encounters want him dead. However, Bourne realizes that he has the combat and mental skills of a world-class spy—but who does he work for?",/aP8swke3gmowbkfZ6lmNidu0y9p.jpg,/zxYp7GhqzcNqNSkjHoOdx0BEtOM.jpg,EXISTING_TMDB_ID,CONFIDENT,
"Bourne Legacy, The",Fandango | Movies Anywhere,MATCH_EXISTING,"Bourne Legacy, The",49040,2012,,49040,The Bourne Legacy,The Bourne Legacy,2012,2012-08-08,New CIA operative Aaron Cross experiences life-or-death stakes that have been triggered by the previous actions of Jason Bourne.,/1aExL5DTGHj25ZfIC3dDwS84RWi.jpg,/akNBILfG0vh7WhuzjA1bXfrgpYI.jpg,EXISTING_TMDB_ID,CONFIDENT,
"Bourne Supremacy, The",Fandango | Movies Anywhere,MATCH_EXISTING,"Bourne Supremacy, The",2502,2004,,2502,The Bourne Supremacy,The Bourne Supremacy,2004,2004-07-23,"A CIA operation to purchase classified Russian documents is blown by a rival agent, who then shows up in the sleepy seaside village where Bourne and Marie have been living. The pair run for their lives and Bourne, who promised retaliation should anyone from his former life attempt contact, is forced to once again take up his life as a trained assassin to survive.",/jupG9sFT64YwM8PSkwkUD2wHcYD.jpg,/fE7RqvVHbGHjBC9NjIjlLh2t4zK.jpg,EXISTING_TMDB_ID,CONFIDENT,
"Bourne Ultimatum, The",Fandango | Movies Anywhere,MATCH_EXISTING,"Bourne Ultimatum, The",2503,2007,,2503,The Bourne Ultimatum,The Bourne Ultimatum,2007,2007-08-03,"Bourne is brought out of hiding once again by reporter Simon Ross who is trying to unveil Operation Blackbriar, an upgrade to Project Treadstone, in a series of newspaper columns. Information from the reporter stirs a new set of memories, and Bourne must finally uncover his dark past while dodging The Company's best efforts to eradicate him.",/15rMz5MRXFp7CP4VxhjYw4y0FUn.jpg,/qiBILuWhv7ipF0pxiEqIJdkQzj8.jpg,EXISTING_TMDB_ID,CONFIDENT,
Brave,Fandango | Movies Anywhere,MATCH_EXISTING,Brave,62177,2012,,62177,Brave,Brave,2012,2012-06-21,"In the mystical Scottish Highlands, Merida is the princess of a kingdom ruled by King Fergus and Queen Elinor. An unruly daughter and an accomplished archer, Merida one day defies a sacred custom of the land and inadvertently brings turmoil to the kingdom. In an attempt to set things right, Merida seeks out an eccentric old Wise Woman and is granted an ill-fated wish. Also figuring into Merida's quest — and serving as comic relief — are the kingdom's three lords: the enormous Lord MacGuffin, the surly Lord Macintosh, and the disagreeable Lord Dingwall.",/1XAuDtMWpL0sYSFK0R6EZate2Ux.jpg,/qx9ts2hBYJrkIQxhryitxnLlm2u.jpg,EXISTING_TMDB_ID,CONFIDENT,
Bullet to the Head,Fandango | Movies Anywhere,MATCH_EXISTING,Bullet to the Head,70074,2012,,70074,Bullet to the Head,Bullet to the Head,2012,2012-11-14,"After watching their respective partners die, a cop and a hitman form an alliance in order to bring down their common enemy.",/arJfxShfuZPhqfBZZU6DkPZfnjn.jpg,/bXO410CYaMaoIGecgS7bcAlr5T9.jpg,EXISTING_TMDB_ID,CONFIDENT,
Christmas with the Kranks,Fandango | Movies Anywhere,MATCH_EXISTING,Christmas with the Kranks,13673,2004,,13673,Christmas with the Kranks,Christmas with the Kranks,2004,2004-11-24,"When their only daughter Blair leaves the family nest, Luther and Nora Krank decide to book an island cruise to beat the yuletide blues and just skip the holidays. But their decision to boycott tradition has the whole neighborhood in an uproar, and when Blair calls on Christmas Eve to announce a surprise visit with her new fiancée, the Kranks have just twelve hours to perform a miracle and pull themselves and their neighbors together to throw the best celebration ever!",/q866vL3KhAjbkZH1enT7AoxmRHx.jpg,/lcFar2tdF9Lir12R0K3Dvw6uABu.jpg,EXISTING_TMDB_ID,CONFIDENT,
Cinderella,Fandango,MATCH_EXISTING,Cinderella,150689,2015,"Title variant normalized to existing movie record; per your rule, assume same version.",150689,Cinderella,Cinderella,2015,2015-03-06,"When her father unexpectedly passes away, young Ella finds herself at the mercy of her cruel stepmother and her daughters. Never one to give up hope, Ella's fortunes begin to change after meeting a dashing stranger in the woods.",/j91LJmcWo16CArFOoapsz84bwxb.jpg,/q7vmCCmyiHnuKGMzHZlr0fD44b9.jpg,EXISTING_TMDB_ID,CONFIDENT,
Creed,Fandango,MATCH_EXISTING,Creed,312221,2015,,312221,Creed,Creed,2015,2015-11-25,"The former World Heavyweight Champion Rocky Balboa serves as a trainer and mentor to Adonis Johnson, the son of his late friend and former rival Apollo Creed.",/1BfTsk5VWuw8FCocAhCyqnRbEzq.jpg,/kODNw6GJNdgldUMEhKPlCw8wQCr.jpg,EXISTING_TMDB_ID,CONFIDENT,
Creed II,Fandango,MATCH_EXISTING,Creed II,480530,2018,,480530,Creed II,Creed II,2018,2018-11-21,"Between personal obligations and training for his next big fight against an opponent with ties to his family's past, Adonis Creed is up against the challenge of his life.",/v3QyboWRoA4O9RbcsqH8tJMe8EB.jpg,/9il7qNbeYnPMYlutsVYDsj4hRyb.jpg,EXISTING_TMDB_ID,CONFIDENT,
Creed III,Fandango,MATCH_EXISTING,Creed III,677179,2023,,677179,Creed III,Creed III,2023,2023-03-01,"After dominating the boxing world, Adonis Creed has thrived in his career and family life. When a childhood friend and former boxing prodigy, Damian Anderson, resurfaces after serving a long sentence in prison, he is eager to prove that he deserves his shot in the ring. The face-off between former friends is more than just a fight. To settle the score, Adonis must put his future on the line to battle Damian — a fighter with nothing to lose.",/cvsXj3I9Q2iyyIo95AecSd1tad7.jpg,/gOIztYywR291pC4k3IpDq7Vj3Kj.jpg,EXISTING_TMDB_ID,CONFIDENT,
"Dark Knight Rises, The",Fandango | Movies Anywhere,MATCH_EXISTING,"Dark Knight Rises, The",49026,2012,,49026,The Dark Knight Rises,The Dark Knight Rises,2012,2012-07-17,"Following the death of District Attorney Harvey Dent, Batman assumes responsibility for Dent's crimes to protect the late attorney's reputation and is subsequently hunted by the Gotham City Police Department. Eight years later, Batman encounters the mysterious Selina Kyle and the villainous Bane, a new terrorist leader who overwhelms Gotham's finest. The Dark Knight resurfaces to protect a city that has branded him an enemy.",/hr0L2aueqlP2BYUblTTjmtn0hw4.jpg,/y2DB71C4nyIdMrANijz8mzvQtk6.jpg,EXISTING_TMDB_ID,CONFIDENT,
"Dark Knight, The",Fandango | Movies Anywhere,MATCH_EXISTING,"Dark Knight, The",155,2008,,155,The Dark Knight,The Dark Knight,2008,2008-07-16,"Batman raises the stakes in his war on crime. With the help of Lt. Jim Gordon and District Attorney Harvey Dent, Batman sets out to dismantle the remaining criminal organizations that plague the streets. The partnership proves to be effective, but they soon find themselves prey to a reign of chaos unleashed by a rising criminal mastermind known to the terrified citizens of Gotham as the Joker.",/qJ2tW6WMUDux911r6m7haRef0WH.jpg,/9FE5eD92WfVCiivM9Pq9GVSrlWk.jpg,EXISTING_TMDB_ID,CONFIDENT,
Dawn of the Planet of the Apes,Fandango | Movies Anywhere,MATCH_EXISTING,Dawn of the Planet of the Apes,119450,2014,,119450,Dawn of the Planet of the Apes,Dawn of the Planet of the Apes,2014,2014-07-08,"A group of scientists in San Francisco struggle to stay alive in the aftermath of a plague that is wiping out humanity, while Caesar tries to maintain dominance over his community of intelligent apes.",/mSmAc9G25fhOHH45SLEeagR0qi7.jpg,/3SozaNPOYUadcmTPgndDibMyDNC.jpg,EXISTING_TMDB_ID,CONFIDENT,
Deadpool,Fandango | Movies Anywhere,MATCH_EXISTING,Deadpool,293660,2016,,293660,Deadpool,Deadpool,2016,2016-02-09,"The origin story of former Special Forces operative turned mercenary Wade Wilson, who, after being subjected to a rogue experiment that leaves him with accelerated healing powers, adopts the alter ego Deadpool. Armed with his new abilities and a dark, twisted sense of humor, Deadpool hunts down the man who nearly destroyed his life.",/3E53WEZJqP6aM84D8CckXx4pIHw.jpg,/en971MEXui9diirXlogOrPKmsEn.jpg,EXISTING_TMDB_ID,CONFIDENT,
Demolition Man,Fandango | Movies Anywhere,MATCH_EXISTING,Demolition Man,9739,1993,,9739,Demolition Man,Demolition Man,1993,1993-10-08,"In 1996, brash L.A. detective John Spartan and maniac killer Simon Phoenix are both sentenced to decades in a cryogenic prison as punishment for a rescue mission gone wrong. When Phoenix escapes 36 years later to wreak havoc on the future, Spartan is awakened to capture his nemesis the old-fashioned way.",/dq6AmlVFo92PRuoLCcIyFdoRuxf.jpg,/4pl165EUdvveHCr4J4YcHVA1MnD.jpg,EXISTING_TMDB_ID,CONFIDENT,
"Devil Wears Prada, The",Fandango | Movies Anywhere,MATCH_EXISTING,"Devil Wears Prada, The",350,2006,,350,The Devil Wears Prada,The Devil Wears Prada,2006,2006-06-29,"A young woman from the Midwest gets more than she bargained for when she moves to New York to become a writer and ends up as the assistant to the tyrannical, larger-than-life editor-in-chief of a major fashion magazine.",/8912AsVuS7Sj915apArUFbv6F9L.jpg,/gkh6Nt8DtY1XT4gQsyFq9XAVJlJ.jpg,EXISTING_TMDB_ID,CONFIDENT,
Die Hard 5: A Good Day to Die Hard,Fandango | Movies Anywhere,MATCH_EXISTING,Die Hard 5: A Good Day to Die Hard,47964,2013,"Title variant normalized to existing movie record; per your rule, assume same version.",47964,A Good Day to Die Hard,A Good Day to Die Hard,2013,2013-02-06,"Iconoclastic, take-no-prisoners cop John McClane, finds himself for the first time on foreign soil after traveling to Moscow to help his wayward son Jack - unaware that Jack is really a highly-trained CIA operative out to stop a nuclear weapons heist. With the Russian underworld in pursuit, and battling a countdown to war, the two McClanes discover that their opposing methods make them unstoppable heroes.",/qJ0csDXAVFMsNn0cRcjy6W6PxAK.jpg,/wFUkS5cnMf3I8ysIPWzIXpTsuR7.jpg,EXISTING_TMDB_ID,CONFIDENT,
Divergent Saga: Allegiant,Fandango,MATCH_EXISTING,Divergent Saga: Allegiant,262504,2016,"Title variant normalized to existing movie record; per your rule, assume same version.",262504,Allegiant,Allegiant,2016,2016-03-09,Beatrice Prior and Tobias Eaton venture into the world outside of the fence and are taken into protective custody by a mysterious agency known as the Bureau of Genetic Welfare.,/faq9JlF8znUGQ5p3En1W61Fi5p0.jpg,/qSP072apfe2EEcd5Qg9vGYy2OLw.jpg,EXISTING_TMDB_ID,CONFIDENT,
Divergent Saga: Insurgent,Fandango,MATCH_EXISTING,Divergent Saga: Insurgent,262500,2015,"Title variant normalized to existing movie record; per your rule, assume same version.",262500,Insurgent,Insurgent,2015,2015-03-18,Beatrice Prior must confront her inner demons and continue her fight against a powerful alliance which threatens to tear her society apart.,/dP5Fb6YRfzmCQtRbHOr2kO7tJW9.jpg,/8YNNyQiPZlF9qv5EGOUK20mnXVk.jpg,EXISTING_TMDB_ID,CONFIDENT,
Dredd,Fandango | Movies Anywhere,MATCH_EXISTING,Dredd,49049,2012,,49049,Dredd,Dredd,2012,2012-09-07,"In the future, America is a dystopian wasteland. The latest scourge is Ma-Ma, a prostitute-turned-drug pusher with a dangerous new drug and aims to take over the city. The only possibility of stopping her is an elite group of urban police called Judges, who combine the duties of judge, jury and executioner to deliver a brutal brand of swift justice. But even the top-ranking Judge, Dredd, discovers that taking down Ma-Ma isn’t as easy as it seems in this explosive adaptation of the hugely popular comic series.",/wLx65gtGVnUFCxceHWGszcruCZj.jpg,/jUqDBi02CDjqrroC3Zl8hroBbSr.jpg,EXISTING_TMDB_ID,CONFIDENT,
Dumb and Dumber To,Fandango | Movies Anywhere,MATCH_EXISTING,Dumb and Dumber To,100042,2014,,100042,Dumb and Dumber To,Dumb and Dumber To,2014,2014-11-12,"20 years since their first adventure, Lloyd and Harry go on a road trip to find Harry's newly discovered daughter, who was given up for adoption.",/cvEi0xV7TUkabJGuzulhvbMjrHi.jpg,/rYaADjAB6trEToo452FfVMoAdgl.jpg,EXISTING_TMDB_ID,CONFIDENT,
Elf,Fandango | Movies Anywhere,MATCH_EXISTING,Elf,10719,2003,,10719,Elf,Elf,2003,2003-11-07,"When young Buddy falls into Santa's gift sack on Christmas Eve, he's transported back to the North Pole and raised as a toy-making elf by Santa's helpers. But as he grows into adulthood, he can't shake the nagging feeling that he doesn't belong. Buddy vows to visit Manhattan and find his real dad, a workaholic.",/oOleziEempUPu96jkGs0Pj6tKxj.jpg,/5nhp41gx49vXjwXuDXJwQrRFsng.jpg,EXISTING_TMDB_ID,CONFIDENT,
Ender's Game,Fandango,MATCH_EXISTING,Ender's Game,80274,2013,,80274,Ender's Game,Ender's Game,2013,2013-10-24,"Based on the classic novel by Orson Scott Card, Ender's Game is the story of the Earth's most gifted children training to defend their homeplanet in the space wars of the future.",/pVcRI5YKnkkgaAD876jBeKb189d.jpg,/zWvOs6lepfOI0dPa1ANVcdbkBuY.jpg,EXISTING_TMDB_ID,CONFIDENT,
"Expendables 2, The",Fandango | Movies Anywhere,MATCH_EXISTING,"Expendables 2, The",76163,2012,"Title variant normalized to existing movie record; per your rule, assume same version.",76163,The Expendables 2,The Expendables 2,2012,2012-08-15,"Mr. Church reunites the Expendables for what should be an easy paycheck, but when one of their men is murdered on the job, their quest for revenge puts them deep in enemy territory and up against an unexpected threat.",/74rTIGyGoIu5KSxDVMdr8H3MtMo.jpg,/ihKsZZYMbyHXC1L7s90WDLITdC5.jpg,EXISTING_TMDB_ID,CONFIDENT,
"Expendables, The",Fandango | Movies Anywhere,MATCH_EXISTING,"Expendables, The",27578,2010,"Title variant normalized to existing movie record; per your rule, assume same version.",27578,The Expendables,The Expendables,2010,2010-08-07,"Barney Ross leads a band of highly skilled mercenaries including knife enthusiast Lee Christmas, a martial arts expert Yin Yang, heavy weapons specialist Hale Caesar, demolitionist Toll Road, and a loose-cannon sniper Gunner Jensen. When the group is commissioned by the mysterious Mr. Church to assassinate the dictator of a small South American island, Barney and Lee visit the remote locale to scout out their opposition and discover the true nature of the conflict engulfing the city.",/j09ZkH6R4JWVylBcDai1laCmGw7.jpg,/yBv9RxlWPXRCvjMFsrmB1pxwWo6.jpg,EXISTING_TMDB_ID,CONFIDENT,
Fast & Furious: Fast 6,Fandango | Movies Anywhere,MATCH_EXISTING,Fast & Furious: Fast 6,82992,2013,"Title variant normalized to existing movie record; per your rule, assume same version.",82992,Fast & Furious 6,Fast & Furious 6,2013,2013-05-21,"Hobbs has Dominic and Brian reassemble their crew to take down a team of mercenaries; Dominic unexpectedly gets sidetracked with facing his presumed deceased girlfriend, Letty.",/thSmnRdrzPBBospIOJjLZBReqzo.jpg,/xDp29MSWa7O3ROC13r6dPTFnREJ.jpg,EXISTING_TMDB_ID,CONFIDENT,
Field of Dreams,Fandango | Movies Anywhere,MATCH_EXISTING,Field of Dreams,2323,1989,,2323,Field of Dreams,Field of Dreams,1989,1989-04-21,"Ray Kinsella is an Iowa farmer who hears a mysterious voice telling him to turn his cornfield into a baseball diamond. He does, but the voice's directions don't stop -- even after the spirits of deceased ballplayers turn up to play.",/oeM7nAw6FVFICwUaXKCRkDsKjqO.jpg,/g5gwbwR98yN1TvycqHCJZhCPa7O.jpg,EXISTING_TMDB_ID,CONFIDENT,
Final Destination,Fandango | Movies Anywhere,MATCH_EXISTING,Final Destination,9532,2000,,9532,Final Destination,Final Destination,2000,2000-03-17,"After a teenager has a terrifying vision of him and his friends dying in a plane crash, he prevents the accident only to have Death hunt them down, one by one.",/1mXhlQMnlfvJ2frxTjZSQNnA9Vp.jpg,/7isarjYDEKZ5t1CgcvbuqEUby8P.jpg,EXISTING_TMDB_ID,CONFIDENT,
Final Destination 2,Fandango | Movies Anywhere,MATCH_EXISTING,Final Destination 2,9358,2003,,9358,Final Destination 2,Final Destination 2,2003,2003-01-31,"When Kimberly has a violent premonition of a highway pileup she blocks the freeway, keeping a few others meant to die, safe...Or are they? The survivors mysteriously start dying and it's up to Kimberly to stop it before she's next.",/vnFgxRlLTA9fDNcGXLiHmgwmIEo.jpg,/tKnmfO5lAyu8hpTZMyMaI4lhZpJ.jpg,EXISTING_TMDB_ID,CONFIDENT,
"Flash, The",Fandango | Movies Anywhere,MATCH_EXISTING,"Flash, The",298618,2023,"Title variant normalized to existing movie record; per your rule, assume same version.",298618,The Flash,The Flash,2023,2023-06-13,"When his attempt to save his family inadvertently alters the future, Barry Allen becomes trapped in a reality in which General Zod has returned and there are no Super Heroes to turn to. In order to save the world that he is in and return to the future that he knows, Barry's only hope is to race for his life. But will making the ultimate sacrifice be enough to reset the universe?",/rktDFPbfHfUbArZ6OOOKsXcv0Bm.jpg,/yF1eOkaYvwiORauRCPWznV9xVvi.jpg,EXISTING_TMDB_ID,CONFIDENT,
Frozen,Fandango | Movies Anywhere,MATCH_EXISTING,Frozen,109445,2013,,109445,Frozen,Frozen,2013,2013-11-20,"Young princess Anna of Arendelle dreams about finding true love at her sister Elsa’s coronation. Fate takes her on a dangerous journey in an attempt to end the eternal winter that has fallen over the kingdom. She's accompanied by ice delivery man Kristoff, his reindeer Sven, and snowman Olaf. On an adventure where she will find out what friendship, courage, family, and true love really means.",/itAKcobTYGpYT8Phwjd8c9hleTo.jpg,/rj58WQ9ImI0mYDptXdM7euX1Wjt.jpg,EXISTING_TMDB_ID,CONFIDENT,
G.I. Joe: Retaliation,Fandango,MATCH_EXISTING,G.I. Joe: Retaliation,72559,2013,,72559,G.I. Joe: Retaliation,G.I. Joe: Retaliation,2013,2013-03-27,"Framed for crimes against the country, the G.I. Joe team is terminated by Presidential order. This forces the G.I. Joes into not only fighting their mortal enemy Cobra; they are forced to contend with threats from within the government that jeopardize their very existence.",/3rWIZMzTKcCtV0eHJ70Z4Ru659f.jpg,/pEhXq18GVe1dg2ltplcxtGWfSje.jpg,EXISTING_TMDB_ID,CONFIDENT,
Ghostbusters,Fandango | Prime,MATCH_EXISTING,Ghostbusters,620,1984,,620,Ghostbusters,Ghostbusters,1984,1984-06-08,"After losing their university jobs, three parapsychologists start a ghost-catching business in New York City and uncover a supernatural threat that could destroy the world.",/7E8nLijS9AwwUEPu2oFYOVKhdFA.jpg,/c6yfABGVKuB5cjoOwdX4AJMlzUz.jpg,EXISTING_TMDB_ID,CONFIDENT,
"Girl with the Dragon Tattoo, The",Fandango | Movies Anywhere,MATCH_EXISTING,"Girl with the Dragon Tattoo, The",65754,2011,,65754,The Girl with the Dragon Tattoo,The Girl with the Dragon Tattoo,2011,2011-12-14,"Disgraced journalist Mikael Blomkvist investigates the disappearance of a weary patriarch's niece from 40 years ago. He is aided by the pierced, tattooed, punk computer hacker named Lisbeth Salander. As they work together in the investigation, Blomkvist and Salander uncover immense corruption beyond anything they have ever imagined.",/8bokS83zGdhaXgN9tjidUKmAftW.jpg,/dNFbrnF0mIBm0rClbfEFWTtsgMP.jpg,EXISTING_TMDB_ID,CONFIDENT,
Gladiator,Fandango,MATCH_EXISTING,Gladiator,98,2000,,98,Gladiator,Gladiator,2000,2000-05-04,"After the death of Emperor Marcus Aurelius, his devious son takes power and demotes Maximus, one of Rome's most capable generals who Marcus preferred. Eventually, Maximus is forced to become a gladiator and battle to the death against other men for the amusement of paying audiences.",/wN2xWp1eIwCKOD0BHTcErTBv1Uq.jpg,/jhk6D8pim3yaByu1801kMoxXFaX.jpg,EXISTING_TMDB_ID,CONFIDENT,
"Greatest Showman, The",Fandango | Movies Anywhere,MATCH_EXISTING,"Greatest Showman, The",316029,2017,,316029,The Greatest Showman,The Greatest Showman,2017,2017-12-20,"The story of American showman P.T. Barnum, founder of the circus that became the famous traveling Ringling Bros. and Barnum & Bailey Circus.",/b9CeobiihCx1uG1tpw8hXmpi7nm.jpg,/lrNKm3HNvGdZoAfiBKu7b04FLHN.jpg,EXISTING_TMDB_ID,CONFIDENT,
"Grinch, The",Fandango | Movies Anywhere,MATCH_EXISTING,"Grinch, The",360920,2018,,360920,The Grinch,The Grinch,2018,2018-11-08,The Grinch hatches a scheme to ruin Christmas when the residents of Whoville plan their annual holiday celebration. But a certain little who might change things.,/Al7DMUp8bqUN4JwXVNxfJYyv5cH.jpg,/5lWIYxYEqWi8j3ZloxXntw3ImBo.jpg,EXISTING_TMDB_ID,CONFIDENT,
Grown Ups 2,Fandango | Movies Anywhere,MATCH_EXISTING,Grown Ups 2,109418,2013,,109418,Grown Ups 2,Grown Ups 2,2013,2013-07-11,"Lenny has relocated his family back to the small town where he and his friends grew up. This time around, the grown ups are the ones learning lessons from their kids on a day notoriously full of surprises—the last day of school.",/hT6ijOtjtYrnyDhN7VA2QWyGFAm.jpg,/7JhsJxNmdW0y4IyNrHy10cECrAz.jpg,EXISTING_TMDB_ID,CONFIDENT,
Grudge Match,Fandango | Movies Anywhere,MATCH_EXISTING,Grudge Match,64807,2013,,64807,Grudge Match,Grudge Match,2013,2013-12-25,A pair of aging boxing rivals are coaxed out of retirement to fight one final bout -- 30 years after their last match.,/jTq9jYTKKo6EhQPso4xTMpPYYXW.jpg,/iniZ0x168fb6fHdpio4DJmf0nDs.jpg,EXISTING_TMDB_ID,CONFIDENT,
Guardians of the Galaxy Vol. 2,Fandango | Movies Anywhere,MATCH_EXISTING,Guardians of the Galaxy Vol. 2,283995,2017,,283995,Guardians of the Galaxy Vol. 2,Guardians of the Galaxy Vol. 2,2017,2017-04-25,The Guardians must fight to keep their newfound family together as they unravel the mysteries of Peter Quill's true parentage.,/y4MBh0EjBlMuOzv9axM4qJlmhzz.jpg,/bW93ycPSSi3Hxx1NvlMX5qm2mQu.jpg,EXISTING_TMDB_ID,CONFIDENT,
Harry Potter and the Chamber of Secrets,Fandango | Movies Anywhere,MATCH_EXISTING,Harry Potter and the Chamber of Secrets,672,2002,,672,Harry Potter and the Chamber of Secrets,Harry Potter and the Chamber of Secrets,2002,2002-11-13,"Cars fly, trees fight back, and a mysterious house-elf comes to warn Harry Potter at the start of his second year at Hogwarts. Adventure and danger await when bloody writing on a wall announces: The Chamber Of Secrets Has Been Opened. To save Hogwarts will require all of Harry, Ron and Hermione's magical abilities and courage.",/sdEOH0992YZ0QSxgXNIGLq1ToUi.jpg,/1stUIsjawROZxjiCMtqqXqgfZWC.jpg,EXISTING_TMDB_ID,CONFIDENT,
Harry Potter and the Deathly Hallows: Part 1,Fandango | Movies Anywhere,MATCH_EXISTING,Harry Potter and the Deathly Hallows: Part 1,12444,2010,,12444,Harry Potter and the Deathly Hallows: Part 1,Harry Potter and the Deathly Hallows: Part 1,2010,2010-11-17,"Harry, Ron and Hermione walk away from their last year at Hogwarts to find and destroy the remaining Horcruxes, putting an end to Voldemort's bid for immortality. But with Harry's beloved Dumbledore dead and Voldemort's unscrupulous Death Eaters on the loose, the world is more dangerous than ever.",/iGoXIpQb7Pot00EEdwpwPajheZ5.jpg,/vcrgU0KaNj5mKUCIQSUdiQwTE9y.jpg,EXISTING_TMDB_ID,CONFIDENT,
Harry Potter and the Deathly Hallows: Part 2,Fandango | Movies Anywhere,MATCH_EXISTING,Harry Potter and the Deathly Hallows: Part 2,12445,2011,"Title variant normalized to existing movie record; per your rule, assume same version.",12445,Harry Potter and the Deathly Hallows: Part 2,Harry Potter and the Deathly Hallows: Part 2,2011,2011-07-12,"Harry, Ron and Hermione continue their quest to vanquish the evil Voldemort once and for all. Just as things begin to look hopeless for the young wizards, Harry discovers a trio of magical objects that endow him with powers to rival Voldemort's formidable skills.",/c54HpQmuwXjHq2C9wmoACjxoom3.jpg,/cbcpDn6XJaIGoOil1bKuskU8ds4.jpg,EXISTING_TMDB_ID,CONFIDENT,
Harry Potter and the Goblet of Fire,Fandango | Movies Anywhere,MATCH_EXISTING,Harry Potter and the Goblet of Fire,674,2005,,674,Harry Potter and the Goblet of Fire,Harry Potter and the Goblet of Fire,2005,2005-11-16,"When his name emerges from the Goblet of Fire, Harry Potter becomes a competitor in a grueling battle for glory among three wizarding schools. Signs of Voldemort's return emerge as Harry's friends help him prepare for the Triwizard Tournament.",/fECBtHlr0RB3foNHDiCBXeg9Bv9.jpg,/1OV7hau4D3rWGS5bu8sqBYeVpe.jpg,EXISTING_TMDB_ID,CONFIDENT,
Harry Potter and the Half-Blood Prince,Fandango | Movies Anywhere,MATCH_EXISTING,Harry Potter and the Half-Blood Prince,767,2009,"Title variant normalized to existing movie record; per your rule, assume same version.",767,Harry Potter and the Half-Blood Prince,Harry Potter and the Half-Blood Prince,2009,2009-07-15,Dumbledore tries to prepare Harry for the final battle with Voldemort while Death Eaters wreak havoc in both Muggle and Wizard worlds.,/z7uo9zmQdQwU5ZJHFpv2Upl30i1.jpg,/ze6Mx4QE5mQVXRYmG2flncqqle4.jpg,EXISTING_TMDB_ID,CONFIDENT,
Harry Potter and the Order of the Phoenix,Fandango | Movies Anywhere,MATCH_EXISTING,Harry Potter and the Order of the Phoenix,675,2007,,675,Harry Potter and the Order of the Phoenix,Harry Potter and the Order of the Phoenix,2007,2007-07-08,"When a new professor's methods leave Hogwarts unprepared to fight the rising tide of evil, Harry teaches students how to defend against the dark arts.",/5aOyriWkPec0zUDxmHFP9qMmBaj.jpg,/pkxPkHOPJjOvzfQOclANEBT8OfK.jpg,EXISTING_TMDB_ID,CONFIDENT,
Harry Potter and the Prisoner of Azkaban,Fandango | Movies Anywhere,MATCH_EXISTING,Harry Potter and the Prisoner of Azkaban,673,2004,,673,Harry Potter and the Prisoner of Azkaban,Harry Potter and the Prisoner of Azkaban,2004,2004-05-31,Harry Potter's life is in danger once more as dangerous wizard Sirius Black has escaped from Azkaban Prison and is heading to Hogwarts.,/aWxwnYoe8p2d2fcxOqtvAtJ72Rw.jpg,/htmYEfH7TQgzsXHCnNXxmoYKQtL.jpg,EXISTING_TMDB_ID,CONFIDENT,
Harry Potter and the Sorcerer's Stone,Fandango | Movies Anywhere,MATCH_EXISTING,Harry Potter and the Sorcerer's Stone,,,,671,Harry Potter and the Philosopher's Stone,Harry Potter and the Philosopher's Stone,2001,2001-11-16,"Harry Potter has lived under the stairs at his aunt and uncle's house his whole life. But on his 11th birthday, he learns he's a powerful wizard—with a place waiting for him at the Hogwarts School of Witchcraft and Wizardry. As he learns to harness his newfound powers with the help of the school's kindly headmaster, Harry uncovers the truth about his parents' deaths—and about the villain who's to blame.",/wuMc08IPKEatf9rnMNXvIDxqP4W.jpg,/1XAC6RPT01UX9EQGy2JVn5c8pgy.jpg,TMDB_SEARCH,REVIEW,TMDB ID was not supplied in the import file; manual confirmation required.
"Heat, The",Fandango | Movies Anywhere,MATCH_EXISTING,"Heat, The",136795,2013,,136795,The Heat,The Heat,2013,2013-06-27,"Uptight and straight-laced, FBI Special Agent Sarah Ashburn is a methodical investigator with a reputation for excellence--and hyper-arrogance. Shannon Mullins, one of Boston P.D.'s ""finest,"" is foul-mouthed and has a very short fuse, and uses her gut instinct and street smarts to catch the most elusive criminals. Neither has ever had a partner, or a friend for that matter. When these two wildly incompatible law officers join forces to bring down a ruthless drug lord, they become the last thing anyone expected: buddies.",/yERBa1y5zNUOTRKQPiDCPIc2fuv.jpg,/c0V8KAiuoWLXf7TfvwHK4yhIfb9.jpg,EXISTING_TMDB_ID,CONFIDENT,
"Holdovers, The",Fandango | Movies Anywhere,MATCH_EXISTING,"Holdovers, The",840430,2023,"Title variant normalized to existing movie record; per your rule, assume same version.",840430,The Holdovers,The Holdovers,2023,2023-10-27,"A curmudgeonly instructor at a New England prep school is forced to remain on campus during Christmas break to babysit the handful of students with nowhere to go. Eventually, he forms an unlikely bond with one of them — a damaged, brainy troublemaker — and with the school’s head cook, who has just lost a son in Vietnam.",/VHSzNBTwxV8vh7wylo7O9CLdac.jpg,/A99WMiz0ASpH9coOFrxSEuwTWx0.jpg,EXISTING_TMDB_ID,CONFIDENT,
"Holiday, The",Fandango | Movies Anywhere,MATCH_EXISTING,"Holiday, The",1581,2006,,1581,The Holiday,The Holiday,2006,2006-12-05,"Two women, one American and one British, swap homes at Christmastime following bad breakups. Each woman finds romance with a local man but realizes that the imminent return home may end the relationship.",/h1ITOpvJN3Tw4Sy60w2QTfYMvdd.jpg,/9Ebn8atCcGk5OZrx4xmoTobAxoh.jpg,EXISTING_TMDB_ID,CONFIDENT,
Horrible Bosses,Fandango | Movies Anywhere,MATCH_EXISTING,Horrible Bosses,51540,2011,,51540,Horrible Bosses,Horrible Bosses,2011,2011-07-08,"For Nick, Kurt and Dale, the only thing that would make the daily grind more tolerable would be to grind their intolerable bosses into dust. Quitting is not an option, so, with the benefit of a few-too-many drinks and some dubious advice from a hustling ex-con, the three friends devise a convoluted and seemingly foolproof plan to rid themselves of their respective employers... permanently.",/uQkUwgyFHAm0jGQERPG6Z9o9Zbj.jpg,/9fkYHcOtaz4cKmlDWw7tqUr5TUt.jpg,EXISTING_TMDB_ID,CONFIDENT,
How the Grinch Stole Christmas,Fandango | Movies Anywhere,MATCH_EXISTING,How the Grinch Stole Christmas,8871,2000,Digital title/edition normalized into existing movie record.,8871,How the Grinch Stole Christmas,How the Grinch Stole Christmas,2000,2000-11-17,The Grinch decides to rob Whoville of Christmas - but a dash of kindness from little Cindy Lou Who and her family may be enough to melt his heart...,/1WZbbPApEivA421gCOluuzMMKCk.jpg,/sy0vo1cmpKqwPRiMUiJ45jyLsX7.jpg,EXISTING_TMDB_ID,CONFIDENT,
"Hunger Games, The",Fandango | Movies Anywhere,MATCH_EXISTING,"Hunger Games, The",70160,2012,,70160,The Hunger Games,The Hunger Games,2012,2012-03-12,"In a dystopian society where the Capitol forces each district to send two young tributes to fight to the death in a televised spectacle, a girl volunteers to take her sister’s place, setting the stage for a struggle of survival and defiance.",/apa5G43Hha7kH7wJG0gkkHT7FA9.jpg,/yVBQ65YBYZ9UhzJ4NGdRgeXtyTL.jpg,EXISTING_TMDB_ID,CONFIDENT,
"Hunger Games: Catching Fire, The",Fandango,MATCH_EXISTING,"Hunger Games: Catching Fire, The",101299,2013,,101299,The Hunger Games: Catching Fire,The Hunger Games: Catching Fire,2013,2013-11-15,"After surviving the Hunger Games, Katniss and Peeta struggle with the consequences of their victory as unrest spreads across Panem. Forced back into the spotlight, they become symbols of hope and resistance while the Capitol prepares a new and deadly challenge that will change the future of the nation forever.",/vrQHDXjVmbYzadOXQ0UaObunoy2.jpg,/eHaazLxM5LRMh0ySkVy7SK6wUWt.jpg,EXISTING_TMDB_ID,CONFIDENT,
"Hunger Games: Mockingjay - Part 1, The",Fandango,MATCH_EXISTING,"Hunger Games: Mockingjay - Part 1, The",131631,2014,"Title variant normalized to existing movie record; per your rule, assume same version.",131631,The Hunger Games: Mockingjay - Part 1,The Hunger Games: Mockingjay - Part 1,2014,2014-11-19,"After surviving the Quarter Quell, Katniss finds herself in the hidden stronghold of District 13, where the rebellion against the Capitol is gaining momentum. Struggling with the weight of becoming the symbol of resistance, she must navigate fragile alliances while trying to protect those she loves. As propaganda battles rage and Panem moves closer to full-scale war, Katniss is forced to confront the true cost of revolution.",/4FAA18ZIja70d1Tu5hr5cj2q1sB.jpg,/lV1P1Q5gLDXVG1ZYCxZHStkcQC3.jpg,EXISTING_TMDB_ID,CONFIDENT,
"Hunger Games: Mockingjay - Part 2, The",Fandango | Movies Anywhere,MATCH_EXISTING,"Hunger Games: Mockingjay - Part 2, The",131634,2015,"Title variant normalized to existing movie record; per your rule, assume same version.",131634,The Hunger Games: Mockingjay - Part 2,The Hunger Games: Mockingjay - Part 2,2015,2015-11-18,"As the war between the Capitol and the districts reaches its peak, Katniss Everdeen embarks on a perilous mission to liberate Panem and confront President Snow. Joined by a team of trusted allies, she navigates deadly traps, shifting loyalties, and the heavy cost of rebellion, determined to bring freedom to her people and end the Hunger Games once and for all.",/lImKHDfExAulp16grYm8zD5eONE.jpg,/qVgLMRVNB5bHU0inmRa0ueShacN.jpg,EXISTING_TMDB_ID,CONFIDENT,
Ice Age,Fandango | Movies Anywhere,MATCH_EXISTING,Ice Age,425,2002,,425,Ice Age,Ice Age,2002,2002-03-14,"Manny the mammoth, Sid the loquacious sloth, and Diego the sabre-toothed tiger go on a comical quest to return a human baby back to his father, across a world on the brink of an ice age.",/gLhHHZUzeseRXShoDyC4VqLgsNv.jpg,/8pwIhymsxfAVjrAE7syDjQULn37.jpg,EXISTING_TMDB_ID,CONFIDENT,
In Bruges,Fandango | Movies Anywhere,MATCH_EXISTING,In Bruges,8321,2008,,8321,In Bruges,In Bruges,2008,2008-02-08,"Ray and Ken, two hit men, are in Bruges, Belgium, waiting for their next mission. While they are there they have time to think and discuss their previous assignment. When the mission is revealed to Ken, it is not what he expected.",/vz3Vd6nfq9YZrVvyYx5RHFaYKV3.jpg,/dtGxDOcFssdUUTYBr6M6INXTI1e.jpg,EXISTING_TMDB_ID,CONFIDENT,
Inception,Fandango | Movies Anywhere,MATCH_EXISTING,Inception,27205,2010,,27205,Inception,Inception,2010,2010-07-15,"Cobb, a skilled thief who commits corporate espionage by infiltrating the subconscious of his targets is offered a chance to regain his old life as payment for a task considered to be impossible: ""inception"", the implantation of another person's idea into a target's subconscious.",/xlaY2zyzMfkhk0HSC5VUwzoZPU1.jpg,/8ZTVqvKDQ8emSGUEMjsS4yHAwrp.jpg,EXISTING_TMDB_ID,CONFIDENT,
"Incredible Burt Wonderstone, The",Fandango | Movies Anywhere | Prime,MATCH_EXISTING,"Incredible Burt Wonderstone, The",124459,2013,Digital title/edition normalized into existing movie record.,124459,The Incredible Burt Wonderstone,The Incredible Burt Wonderstone,2013,2013-03-14,"After breaking up with his longtime stage partner, a famous but jaded Vegas magician fights for relevance when a new, ""hip"" street magician appears on the scene.",/Bl95sg5Ljo3Hu9SSL0JOvLerLh.jpg,/sBuVOxCAn6GEMB3sbfnzZoRJoTY.jpg,EXISTING_TMDB_ID,CONFIDENT,
Inside Out,Fandango | Movies Anywhere,MATCH_EXISTING,Inside Out,150540,2015,,150540,Inside Out,Inside Out,2015,2015-06-17,"When 11-year-old Riley moves to a new city, her Emotions team up to help her through the transition. Joy, Fear, Anger, Disgust and Sadness work together, but when Joy and Sadness get lost, they must journey through unfamiliar places to get back home.",/2H1TmgdfNtsKlU9jKdeNyYL5y8T.jpg,/o3i6AfTcWAuNvzAUV3q5lOmi6Gx.jpg,EXISTING_TMDB_ID,CONFIDENT,
Iron Man 3,Fandango | Movies Anywhere,MATCH_EXISTING,Iron Man 3,68721,2013,,68721,Iron Man 3,Iron Man 3,2013,2013-04-18,"When Tony Stark's world is torn apart by a formidable terrorist called the Mandarin, he starts an odyssey of rebuilding and retribution.",/qhPtAc1TKbMPqNvcdXSOn9Bn7hZ.jpg,/iVped1djsF0tvGkvnHbzsE3ZPTF.jpg,EXISTING_TMDB_ID,CONFIDENT,
Jerry Maguire,Fandango | Movies Anywhere,MATCH_EXISTING,Jerry Maguire,9390,1996,,9390,Jerry Maguire,Jerry Maguire,1996,1996-12-13,"Jerry Maguire used to be a typical sports agent: willing to do just about anything he could to get the biggest possible contracts for his clients, plus a nice commission for himself. Then, one day, he suddenly has second thoughts about what he's really doing. When he voices these doubts, he ends up losing his job and all of his clients, save Rod Tidwell, an egomaniacal football player.",/lABvGN7fDk5ifnwZoxij6G96t2w.jpg,/a66PKC32YVZISoqZtRQyz8c9Vx6.jpg,EXISTING_TMDB_ID,CONFIDENT,
Jingle All the Way,Fandango | Movies Anywhere,MATCH_EXISTING,Jingle All the Way,9279,1996,,9279,Jingle All the Way,Jingle All the Way,1996,1996-11-21,"Howard Langston, a salesman for a mattress company, is constantly kept busy at his job, disappointing his son. After he misses his son's karate exposition, Howard vows to make it up to him by buying an action figure of his son's favorite television hero for Christmas. Unfortunately for Howard, it is Christmas Eve, and every store is sold out of Turbo Man. Now, Howard must travel all over town and compete with everybody else to find a Turbo Man action figure.",/lHLOUt0ZIQLC5asHdIQBoTUvaEp.jpg,/rnn6sGMGPpM8VfVmCMFxsjKvz7q.jpg,EXISTING_TMDB_ID,CONFIDENT,
John Wick,Fandango | Movies Anywhere,MATCH_EXISTING,John Wick,245891,2014,,245891,John Wick,John Wick,2014,2014-10-16,Ex-hitman John Wick comes out of retirement to track down the gangsters that took everything from him.,/wXqWR7dHncNRbxoEGybEy7QTe9h.jpg,/ff2ti5DkA9UYLzyqhQfI2kZqEuh.jpg,EXISTING_TMDB_ID,CONFIDENT,
John Wick: Chapter 2,Fandango | Movies Anywhere | Prime,MATCH_EXISTING,John Wick: Chapter 2,324552,2017,"Title variant normalized to existing movie record; per your rule, assume same version.",324552,John Wick: Chapter 2,John Wick: Chapter 2,2017,2017-02-08,"John Wick is forced out of retirement by a former associate looking to seize control of a shadowy international assassins’ guild. Bound by a blood oath to aid him, Wick travels to Rome and does battle against some of the world’s most dangerous killers.",/hXWBc0ioZP3cN4zCu6SN3YHXZVO.jpg,/r17jFHAemzcWPPtoO0UxjIX0xas.jpg,EXISTING_TMDB_ID,CONFIDENT,
John Wick: Chapter 3 - Parabellum,Fandango,MATCH_EXISTING,John Wick: Chapter 3 - Parabellum,458156,2019,,458156,John Wick: Chapter 3 - Parabellum,John Wick: Chapter 3 - Parabellum,2019,2019-05-15,"Super-assassin John Wick returns with a $14 million price tag on his head and an army of bounty-hunting killers on his trail. After killing a member of the shadowy international assassin’s guild, the High Table, John Wick is excommunicado, but the world’s most ruthless hit men and women await his every turn.",/ziEuG1essDuWuC5lpWUaw1uXY2O.jpg,/vVpEOvdxVBP2aV166j5Xlvb5Cdc.jpg,EXISTING_TMDB_ID,CONFIDENT,
John Wick: Chapter 4,Fandango,MATCH_EXISTING,John Wick: Chapter 4,603692,2023,,603692,John Wick: Chapter 4,John Wick: Chapter 4,2023,2023-03-21,"With the price on his head ever increasing, John Wick uncovers a path to defeating The High Table. But before he can earn his freedom, Wick must face off against a new enemy with powerful alliances across the globe and forces that turn old friends into foes.",/vZloFAK7NmvMGKE7VkF5UHaz0I.jpg,/7I6VUdPj6tQECNHdviJkUHD2u89.jpg,EXISTING_TMDB_ID,CONFIDENT,
Jumanji: The Next Level,Fandango | Movies Anywhere,MATCH_EXISTING,Jumanji: The Next Level,512200,2019,,512200,Jumanji: The Next Level,Jumanji: The Next Level,2019,2019-12-04,"As the gang return to Jumanji to rescue one of their own, they discover that nothing is as they expect. The players will have to brave parts unknown and unexplored in order to escape the world’s most dangerous game.",/jyw8VKYEiM1UDzPB7NsisUgBeJ8.jpg,/qgch2rFskIxDMgwrD5lWTaB4nBl.jpg,EXISTING_TMDB_ID,CONFIDENT,
Jumanji: Welcome to the Jungle,Fandango | Movies Anywhere,MATCH_EXISTING,Jumanji: Welcome to the Jungle,353486,2017,,353486,Jumanji: Welcome to the Jungle,Jumanji: Welcome to the Jungle,2017,2017-12-09,"Four teenagers in detention discover an old video game console with a game they’ve never heard of. When they decide to play, they are immediately sucked into the jungle world of Jumanji in the bodies of their avatars. They’ll have to complete the adventure of their lives filled with fun, thrills and danger or be stuck in the game forever!",/pSgXKPU5h6U89ipF7HBYajvYt7j.jpg,/zZKmEmRDc7ZjFucPm2UGNgDRlDc.jpg,EXISTING_TMDB_ID,CONFIDENT,
Jurassic Park,Fandango | Movies Anywhere,MATCH_EXISTING,Jurassic Park,329,1993,,329,Jurassic Park,Jurassic Park,1993,1993-06-11,"A wealthy entrepreneur secretly creates a theme park featuring living dinosaurs drawn from prehistoric DNA. Before opening day, he invites a team of experts and his two eager grandchildren to experience the park and help calm anxious investors. However, the park is anything but amusing as the security systems go off-line and the dinosaurs escape.",/63viWuPfYQjRYLSZSZNq7dglJP5.jpg,/o7LzVmlOSYc3EspyVMC9bsTTARc.jpg,EXISTING_TMDB_ID,CONFIDENT,
Jurassic Park III,Fandango | Movies Anywhere,MATCH_EXISTING,Jurassic Park III,331,2001,,331,Jurassic Park III,Jurassic Park III,2001,2001-07-18,"In need of funds for research, Dr. Alan Grant accepts a large sum of money to accompany Paul and Amanda Kirby on an aerial tour of the infamous Isla Sorna. It isn't long before all hell breaks loose and the stranded wayfarers must fight for survival as a host of new -- and even more deadly -- dinosaurs try to make snacks of them.",/oQXj4NUfS3r3gHXtDOzcJgj1lLc.jpg,/8v8x4vVbRgrsdU3M4drnD7HQbfe.jpg,EXISTING_TMDB_ID,CONFIDENT,
Jurassic World,Fandango | Movies Anywhere,MATCH_EXISTING,Jurassic World,135397,2015,,135397,Jurassic World,Jurassic World,2015,2015-06-06,"Twenty-two years after the events of Jurassic Park, Isla Nublar now features a fully functioning dinosaur theme park, Jurassic World, as originally envisioned by John Hammond.",/rhr4y79GpxQF9IsfJItRXVaoGs4.jpg,/dF6FjTZzRTENfB4R17HDN20jLT2.jpg,EXISTING_TMDB_ID,CONFIDENT,
Jurassic World Dominion,Fandango | Movies Anywhere,MATCH_EXISTING,Jurassic World Dominion,507086,2022,,507086,Jurassic World Dominion,Jurassic World Dominion,2022,2022-06-01,"Four years after Isla Nublar was destroyed, dinosaurs now live—and hunt—alongside humans all over the world. This fragile balance will reshape the future and determine, once and for all, whether human beings are to remain the apex predators on a planet they now share with history's most fearsome creatures.",/jbAvCACjLf1ZG0unB2tdmx5HAf1.jpg,/698FjyzLdpgXmUSr63LaRwblTmx.jpg,EXISTING_TMDB_ID,CONFIDENT,
Jurassic World: Fallen Kingdom,Fandango | Movies Anywhere,MATCH_EXISTING,Jurassic World: Fallen Kingdom,351286,2018,,351286,Jurassic World: Fallen Kingdom,Jurassic World: Fallen Kingdom,2018,2018-06-06,"Three years after Jurassic World was destroyed, Isla Nublar now sits abandoned. When the island's dormant volcano begins roaring to life, Owen and Claire mount a campaign to rescue the remaining dinosaurs from this extinction-level event.",/x2Us3jR6ToMJjbcPbLimYoxf6xr.jpg,/6WA9stUMbIkEPxn3D5SWlA8FIi7.jpg,EXISTING_TMDB_ID,CONFIDENT,
Justice League,Fandango | Movies Anywhere,MATCH_EXISTING,Justice League,141052,2017,,141052,Justice League,Justice League,2017,2017-11-15,"Fuelled by his restored faith in humanity and inspired by Superman's selfless act, Bruce Wayne and Diana Prince assemble a team of metahumans consisting of Barry Allen, Arthur Curry and Victor Stone to face the catastrophic threat of Steppenwolf and the Parademons who are on the hunt for three Mother Boxes on Earth.",/eifGNCSDuxJeS1loAXil5bIGgvC.jpg,/2nyaeISu2xIxIgZYNpX4UayY8PN.jpg,EXISTING_TMDB_ID,CONFIDENT,
Kick-Ass,Fandango | Movies Anywhere,MATCH_EXISTING,Kick-Ass,23483,2010,,23483,Kick-Ass,Kick-Ass,2010,2010-03-26,"Dave Lizewski is an unnoticed high school student and comic book fan who one day decides to become a super-hero, even though he has no powers, training or meaningful reason to do so.",/iHMbrTHJwocsNvo5murCBw0CwTo.jpg,/P4bGyJQF0shAcRku3I2perNUQR.jpg,EXISTING_TMDB_ID,CONFIDENT,
Kick-Ass 2,Fandango | Movies Anywhere,MATCH_EXISTING,Kick-Ass 2,59859,2013,,59859,Kick-Ass 2,Kick-Ass 2,2013,2013-07-17,"After Kick-Ass' insane bravery inspires a new wave of self-made masked crusaders, he joins a patrol led by the Colonel Stars and Stripes. When these amateur superheroes are hunted down by Red Mist — reborn as The Mother Fucker — only the blade-wielding Hit-Girl can prevent their annihilation.",/1go2A3gdQjaMuHWquybgoJlQRcX.jpg,/dHBYguQvCDa00GMoidNYa7IOD8y.jpg,EXISTING_TMDB_ID,CONFIDENT,
Kingsman: The Secret Service,Fandango | Movies Anywhere,MATCH_EXISTING,Kingsman: The Secret Service,207703,2015,,207703,Kingsman: The Secret Service,Kingsman: The Secret Service,2015,2015-01-24,The story of a super-secret spy organization that recruits an unrefined but promising street kid into the agency's ultra-competitive training program just as a global threat emerges from a twisted tech genius.,/17i5YPTfHOjXoieArpATWGRhLj1.jpg,/qzUIOTk0E3F1zjvYjcBRTKUTgf9.jpg,EXISTING_TMDB_ID,CONFIDENT,
Knight and Day,Fandango | Movies Anywhere,MATCH_EXISTING,Knight and Day,37834,2010,,37834,Knight and Day,Knight and Day,2010,2010-06-15,"A fugitive couple goes on a glamorous and sometimes deadly adventure where nothing and no one – even themselves – are what they seem. Amid shifting alliances and unexpected betrayals, they race across the globe, with their survival ultimately hinging on the battle of truth vs. trust.",/phhp52CZZJiGYmiOTp9ZBDkGHB3.jpg,/k5mNW8qutywD3GhAuaq33qcQR2y.jpg,EXISTING_TMDB_ID,CONFIDENT,
Last Holiday,Fandango,MATCH_EXISTING,Last Holiday,17379,2006,,17379,Last Holiday,Last Holiday,2006,2006-01-13,"The discovery that she has a terminal illness prompts introverted department store saleswoman Georgia Byrd to reflect on what she realizes has been an overly cautious life. With weeks to live, she withdraws her life savings, sells all her possessions and jets off to Europe where she lives it up at a posh hotel. Upbeat and passionate, Georgia charms everybody she meets, including renowned Chef Didier. The only one missing from her new life is her longtime crush Sean Williams.",/2SkM1AHIgCQgdOboER6euPKTxGF.jpg,/7D1v3y0RPoyJBZAx4eGdjcqJUuD.jpg,EXISTING_TMDB_ID,CONFIDENT,
Legends of the Fall,Fandango | Movies Anywhere,MATCH_EXISTING,Legends of the Fall,4476,1994,,4476,Legends of the Fall,Legends of the Fall,1994,1994-12-23,"In early 20th-century Montana, Col. William Ludlow lives on a ranch in the wilderness with his sons, Alfred, Tristan, and Samuel. Eventually, the unconventional but close-knit family are bound by loyalty, tested by war, and torn apart by love, as told over the course of several decades in this epic saga.",/89DRDb6mmNkIekqSeAzz13faQDt.jpg,/eVIuBKpeLB8rkozkj8bVmxDuAsp.jpg,EXISTING_TMDB_ID,CONFIDENT,
"Lego Batman Movie, The",Fandango | Movies Anywhere,MATCH_EXISTING,"Lego Batman Movie, The",324849,2017,"Title variant normalized to existing movie record; per your rule, assume same version.",324849,The Lego Batman Movie,The Lego Batman Movie,2017,2017-02-08,"A cooler-than-ever Bruce Wayne must deal with the usual suspects as they plan to rule Gotham City, while discovering that he has accidentally adopted a teenage orphan who wishes to become his sidekick.",/e1TliRWOdXQ73pRunbpFiGst6Kd.jpg,/rWYtghaUJSDvQm4jmXiCPXBHUdQ.jpg,EXISTING_TMDB_ID,CONFIDENT,
"Lego Movie 2: The Second Part, The",Fandango | Movies Anywhere,MATCH_EXISTING,"Lego Movie 2: The Second Part, The",280217,2019,"Title variant normalized to existing movie record; per your rule, assume same version.",280217,The Lego Movie 2: The Second Part,The Lego Movie 2: The Second Part,2019,2019-02-06,"It's been five years since everything was awesome and the citizens are facing a huge new threat: LEGO DUPLO® invaders from outer space, wrecking everything faster than they can rebuild.",/QTESAsBVZwjtGJNDP7utiGV37z.jpg,/2U2h8PpsaWn90jdtyG0tu9ZxttZ.jpg,EXISTING_TMDB_ID,CONFIDENT,
"Lego Movie, The",Fandango | Movies Anywhere,MATCH_EXISTING,"Lego Movie, The",137106,2014,"Title variant normalized to existing movie record; per your rule, assume same version.",137106,The Lego Movie,The Lego Movie,2014,2014-02-06,"An ordinary Lego mini-figure, mistakenly thought to be the extraordinary MasterBuilder, is recruited to join a quest to stop an evil Lego tyrant from conquering the universe.",/lbctonEnewCYZ4FYoTZhs8cidAl.jpg,/6gI1dAkOaUQ6659OdRPsTLlsem5.jpg,EXISTING_TMDB_ID,CONFIDENT,
Love Actually,Fandango | Movies Anywhere,MATCH_EXISTING,Love Actually,508,2003,,508,Love Actually,Love Actually,2003,2003-09-07,Eight very different couples deal with their love lives in various loosely interrelated tales all set during a frantic month before Christmas in London.,/7QPeVsr9rcFU9Gl90yg0gTOTpVv.jpg,/xUWf5xX0AnZgAnYXAMk03zTbsef.jpg,EXISTING_TMDB_ID,CONFIDENT,
Love the Coopers,Fandango | Movies Anywhere,MATCH_EXISTING,Love the Coopers,333348,2015,,333348,Love the Coopers,Love the Coopers,2015,2015-11-12,"When four generations of the Cooper clan come together for their annual Christmas Eve celebration, a series of unexpected visitors and unlikely events turn the night upside down, leading them all toward a surprising rediscovery of family bonds and the spirit of the holiday.",/fPW1BHZhUEViOmDAHFfyLezoQdI.jpg,/5DxFiNyWHCH58nffyCtzMfPjDLJ.jpg,EXISTING_TMDB_ID,CONFIDENT,
Maggie,Fandango | Movies Anywhere,MATCH_EXISTING,Maggie,287424,2015,,287424,Maggie,Maggie,2015,2015-05-08,"There's a deadly zombie epidemic threatening humanity, but Wade, a small-town farmer and family man, refuses to accept defeat even when his daughter Maggie becomes infected. As Maggie's condition worsens and the authorities seek to eradicate those with the virus, Wade is pushed to the limits in an effort to protect her. Joely Richardson co-stars in this post-apocalyptic thriller.",/twa9gXjocLM629sJrQYVtmF306R.jpg,/8LYxSH8ZJzKbS3kNIELsVc05RNH.jpg,EXISTING_TMDB_ID,CONFIDENT,
Major League,Fandango,MATCH_EXISTING,Major League,9942,1989,,9942,Major League,Major League,1989,1989-02-16,"When Rachel Phelps inherits the Cleveland Indians from her deceased husband, she's determined to move the team to a warmer climate—but only a losing season will make that possible, which should be easy given the misfits she's hired. Rachel is sure her dream will come true, but she underestimates their will to succeed.",/ypUedY9zX4nGGf1lQv1UGc8PhPA.jpg,/v37dE7vn1xogzcxOrHoVbdG2pH3.jpg,EXISTING_TMDB_ID,CONFIDENT,
Maleficent,Fandango | Movies Anywhere,MATCH_EXISTING,Maleficent,102651,2014,,102651,Maleficent,Maleficent,2014,2014-05-28,"A beautiful, pure-hearted young woman, Maleficent has an idyllic life growing up in a peaceable forest kingdom, until one day when an invading army threatens the harmony of the land. She rises to be the land's fiercest protector, but she ultimately suffers a ruthless betrayal – an act that begins to turn her heart into stone. Bent on revenge, Maleficent faces an epic battle with the invading King's successor and, as a result, places a curse upon his newborn infant Aurora. As the child grows, Maleficent realizes that Aurora holds the key to peace in the kingdom – and to Maleficent's true happiness as well.",/ik8PugpL41s137RAWEGTAWu0dPo.jpg,/bNiiUCQUD7ij5Ybh2GoWSZwqAb1.jpg,EXISTING_TMDB_ID,CONFIDENT,
Man of Steel,Fandango | Movies Anywhere,MATCH_EXISTING,Man of Steel,49521,2013,,49521,Man of Steel,Man of Steel,2013,2013-06-12,"A young boy learns that he has extraordinary powers and is not of this earth. As a young man, he journeys to discover where he came from and what he was sent here to do. But the hero in him must emerge if he is to save the world from annihilation and become the symbol of hope for all mankind.",/8GFtkImmK0K1VaUChR0n9O61CFU.jpg,/j2MlEEpA3wgwQiJB6p1UHC50oiw.jpg,EXISTING_TMDB_ID,CONFIDENT,
Matchstick Men,Fandango | Movies Anywhere,MATCH_EXISTING,Matchstick Men,7270,2003,,7270,Matchstick Men,Matchstick Men,2003,2003-09-12,A phobic con artist and his protege are on the verge of pulling off a lucrative swindle when the con artist's teenage daughter arrives unexpectedly.,/cIWQzIoWOvx0piZM0UpiHMhzHWW.jpg,/7HiMvoDSYW4fyu4rkmWH6pcKKuF.jpg,EXISTING_TMDB_ID,CONFIDENT,
"Matrix, The",Fandango | Movies Anywhere,MATCH_EXISTING,"Matrix, The",603,1999,,603,The Matrix,The Matrix,1999,1999-03-31,"Set in the 22nd century, The Matrix tells the story of a computer hacker who joins a group of underground insurgents fighting the vast and powerful computers who now rule the earth.",/dXNAPwY7VrqMAo51EKhhCJfaGb5.jpg,/tlm8UkiQsitc8rSuIAscQDCnP8d.jpg,EXISTING_TMDB_ID,CONFIDENT,
"Mechanic, The",Fandango | Movies Anywhere,MATCH_EXISTING,"Mechanic, The",27582,2011,,27582,The Mechanic,The Mechanic,2011,2011-01-13,"Arthur Bishop is a 'mechanic' - an elite assassin with a strict code requiring professional perfection and total detachment. One of an elite group of assassins, Bishop may be the best in the business - with a unique talent for cleanly eliminating targets. When Harry McKenna, his close friend and mentor, is murdered, Harry's son comes to him with vengeance in his heart and a desire to learn Bishop's trade, signaling the birth of a deadly partnership.",/k37axEHszFP9WOVvbozxF0r7X7g.jpg,/dYb6kgvoGjUH59n2uB4eV9xqmKR.jpg,EXISTING_TMDB_ID,CONFIDENT,
Meg 2: The Trench,Fandango | Movies Anywhere,MATCH_EXISTING,Meg 2: The Trench,615656,2023,,615656,Meg 2: The Trench,Meg 2: The Trench,2023,2023-08-02,An exploratory dive into the deepest depths of the ocean of a daring research team spirals into chaos when a malevolent mining operation threatens their mission and forces them into a high-stakes battle for survival.,/4m1Au3YkjqsxF8iwQy0fPYSxE0h.jpg,/5mzr6JZbrqnqD8rCEvPhuCE5Fw2.jpg,EXISTING_TMDB_ID,CONFIDENT,
"Meg, The",Fandango | Movies Anywhere,MATCH_EXISTING,"Meg, The",345940,2018,,345940,The Meg,The Meg,2018,2018-08-08,"A deep sea submersible pilot revisits his past fears in the Mariana Trench, and accidentally unleashes the seventy foot ancestor of the Great White Shark believed to be extinct.",/eyWICPcxOuTcDDDbTMOZawoOn8d.jpg,/ibKeXahq4JD63z6uWQphqoJLvNw.jpg,EXISTING_TMDB_ID,CONFIDENT,
Mike and Dave Need Wedding Dates,Fandango | Movies Anywhere,MATCH_EXISTING,Mike and Dave Need Wedding Dates,316023,2016,,316023,Mike and Dave Need Wedding Dates,Mike and Dave Need Wedding Dates,2016,2016-07-07,"Mike and Dave are young, adventurous, fun-loving brothers who tend to get out of control at family gatherings. When their sister Jeanie reveals her Hawaiian wedding plans, the rest of the Stangles insist that the brothers bring respectable dates. After placing an ad on Craigslist, the siblings decide to pick Tatiana and Alice, two charming and seemingly normal women. Once they arrive on the island, however, Mike and Dave realize that their companions are ready to get wild and party.",/alWBdyvXf1LSixnn1IfID5HMtLx.jpg,/4lfP1eVs5Q3Gk0K2kn1RvWs5alH.jpg,EXISTING_TMDB_ID,CONFIDENT,
Minority Report,Fandango,MATCH_EXISTING,Minority Report,180,2002,,180,Minority Report,Minority Report,2002,2002-06-20,"John Anderton is a top 'Precrime' cop in the late-21st century, when technology can predict crimes before they're committed. But Anderton becomes the quarry when another investigator targets him for a murder charge.",/qtgFcnwh9dAFLocsDk2ySDVS8UF.jpg,/PrMb3oeEluauy0q9ZO5xL33A6C.jpg,EXISTING_TMDB_ID,CONFIDENT,
Mission: Impossible - Ghost Protocol,Fandango,MATCH_EXISTING,Mission: Impossible - Ghost Protocol,56292,2011,,56292,Mission: Impossible - Ghost Protocol,Mission: Impossible - Ghost Protocol,2011,2011-12-07,"Ethan Hunt and his team are racing against time to track down a dangerous terrorist named Hendricks, who has gained access to Russian nuclear launch codes and is planning a strike on the United States. An attempt to stop him ends in an explosion causing severe destruction to the Kremlin and the IMF to be implicated in the bombing, forcing the President to disavow them. No longer being aided by the government, Ethan and his team chase Hendricks around the globe, although they might still be too late to stop a disaster.",/eRZTGx7GsiKqPch96k27LK005ZL.jpg,/ih4lZkUpmSE7AP3maymiO72xJ1z.jpg,EXISTING_TMDB_ID,CONFIDENT,
Moneyball,Fandango | Movies Anywhere,MATCH_EXISTING,Moneyball,60308,2011,,60308,Moneyball,Moneyball,2011,2011-09-23,"The story of Oakland Athletics general manager Billy Beane's successful attempt to put together a baseball team on a budget, by employing computer-generated analysis to draft his players.",/4yIQq1e6iOcaZ5rLDG3lZBP3j7a.jpg,/kYlBNDkB5qFdpTDpnlQdH0CdK3T.jpg,EXISTING_TMDB_ID,CONFIDENT,
"Monsters, Inc.",Fandango,MATCH_EXISTING,"Monsters, Inc.",585,2001,,585,"Monsters, Inc.","Monsters, Inc.",2001,2001-11-01,"Lovable Sulley and his wisecracking sidekick Mike Wazowski are the top scare team at Monsters, Inc., the scream-processing factory in Monstropolis. When a little girl named Boo wanders into their world, it's the monsters who are scared silly, and it's up to Sulley and Mike to keep her out of sight and get her back home.",/wFSpyMsp7H0ttERbxY7Trlv8xry.jpg,/sDTnMOJ3H5wI38OxObmCtK7wfd5.jpg,EXISTING_TMDB_ID,CONFIDENT,
Mortal Kombat,Fandango | Movies Anywhere,MATCH_EXISTING,Mortal Kombat,460465,2021,,460465,Mortal Kombat,Mortal Kombat,2021,2021-04-07,"Washed-up MMA fighter Cole Young, unaware of his heritage, and hunted by Emperor Shang Tsung's best warrior, Sub-Zero, seeks out and trains with Earth's greatest champions as he prepares to stand against the enemies of Outworld in a high stakes battle for the universe.",/nkayOAUBUu4mMvyNf9iHSUiPjF1.jpg,/6ELCZlTA5lGUops70hKdB83WJxH.jpg,EXISTING_TMDB_ID,CONFIDENT,
Mr. Right,Fandango | Movies Anywhere,MATCH_EXISTING,Mr. Right,333385,2016,,333385,Mr. Right,Mr. Right,2016,2016-02-29,"A girl falls for the ""perfect"" guy, who happens to have a very fatal flaw: he's a hitman on the run from the crime cartels who employ him.",/aSx5YUCLcSUAR4nt93aeIpZYHF6.jpg,/ugnGe88pG04SViHpbXbqenzKkOt.jpg,EXISTING_TMDB_ID,CONFIDENT,
"Mummy Returns, The",Fandango | Movies Anywhere,MATCH_EXISTING,"Mummy Returns, The",1734,2001,"Title variant normalized to existing movie record; per your rule, assume same version.",1734,The Mummy Returns,The Mummy Returns,2001,2001-05-04,"Rick and Evelyn O’Connell, along with their 8-year-old son Alex, discover the key to the legendary Scorpion King’s might: the fabled Bracelet of Anubis. Unfortunately, a newly resurrected Imhotep has designs on the bracelet as well, and isn’t above kidnapping its new bearer, Alex, to gain control of Anubis’s otherworldly army.",/kdJsW7hcy1lrj7tdMPycTAQPAiR.jpg,/7s7WkAFPBsMTprYMbqbgKoppQsR.jpg,EXISTING_TMDB_ID,CONFIDENT,
"Mummy, The",Fandango | Movies Anywhere,MATCH_EXISTING,"Mummy, The",564,1999,"Title variant normalized to existing movie record; per your rule, assume same version.",564,The Mummy,The Mummy,1999,1999-04-16,Dashing legionnaire Rick O'Connell stumbles upon the hidden ruins of Hamunaptra while in the midst of a battle to claim the area in 1920s Egypt. It has been over three thousand years since former High Priest Imhotep suffered a fate worse than death as a punishment for a forbidden love—along with a curse that guarantees eternal doom upon the world if he is ever awoken.,/yhIsVvcUm7QxzLfT6HW2wLf5ajY.jpg,/8zLS8p1tRyWFLRFfmgQq0j5WE6z.jpg,EXISTING_TMDB_ID,CONFIDENT,
"Mummy: Tomb of the Dragon Emperor, The",Fandango | Movies Anywhere,MATCH_EXISTING,"Mummy: Tomb of the Dragon Emperor, The",1735,2008,"Title variant normalized to existing movie record; per your rule, assume same version.",1735,The Mummy: Tomb of the Dragon Emperor,The Mummy: Tomb of the Dragon Emperor,2008,2008-07-01,"Archaeologist Rick O'Connell travels to China, pitting him against an emperor from the 2,000-year-old Han dynasty who's returned from the dead to pursue a quest for world domination. This time, O'Connell enlists the help of his wife and son to quash the so-called 'Dragon Emperor' and his abuse of supernatural power.",/A3acM1lX5PNWQa6r5qeMAJOxbnT.jpg,/W034dd7w2malON26KWyZm4y37W.jpg,EXISTING_TMDB_ID,CONFIDENT,
National Lampoon's Christmas Vacation,Fandango | Movies Anywhere,MATCH_EXISTING,National Lampoon's Christmas Vacation,5825,1989,,5825,National Lampoon's Christmas Vacation,National Lampoon's Christmas Vacation,1989,1989-11-30,"It's Christmastime, and the Griswolds are preparing for a family seasonal celebration. But things never run smoothly for Clark, his wife Ellen, and their two kids. Clark's continual bad luck is worsened by his obnoxious family guests, but he manages to keep going, knowing that his Christmas bonus is due soon.",/oat42hUw8XzKYUmfy0YLAxYd484.jpg,/klH8ti8LUaEhktnjdHb1RW8Yq6w.jpg,EXISTING_TMDB_ID,CONFIDENT,
"Natural, The",Fandango | Movies Anywhere,MATCH_EXISTING,"Natural, The",11393,1984,"Title variant normalized to existing movie record; per your rule, assume same version.",11393,The Natural,The Natural,1984,1984-05-11,An unknown middle-aged batter named Roy Hobbs with a mysterious past appears out of nowhere to take a losing 1930s baseball team to the top of the league.,/fwn1gYeOkS1XHKVFdNorKSIpix8.jpg,/sqZGYcHJWWNHsECBl57FOCfjpFX.jpg,EXISTING_TMDB_ID,CONFIDENT,
"Night Before, The",Fandango | Movies Anywhere,MATCH_EXISTING,"Night Before, The",38966,1988,"Title variant normalized to existing movie record; per your rule, assume same version.",38966,The Night Before,The Night Before,1988,1988-04-15,A popular beauty surprisingly asks a nerd to take her to the prom. He wakes up hours later in a sleazy alley. She's missing but he remembers nothing about it.,/o3GOrWh7ytlKsdOGI77WFauZORr.jpg,/uAWNhTbaCkxkm7bmKdxx7WCpQ3l.jpg,EXISTING_TMDB_ID,CONFIDENT,
Now You See Me,Fandango | Movies Anywhere,MATCH_EXISTING,Now You See Me,75656,2013,,75656,Now You See Me,Now You See Me,2013,2013-05-29,An FBI agent and an Interpol detective track a team of illusionists who pull off bank heists during their performances and reward their audiences with the money.,/tWsNYbrqy1p1w6K9zRk0mSchztT.jpg,/xEY0MV2jSQBz9iOJfCFvLTiPGMA.jpg,EXISTING_TMDB_ID,CONFIDENT,
Now You See Me 2,Fandango | Movies Anywhere,MATCH_EXISTING,Now You See Me 2,291805,2016,,291805,Now You See Me 2,Now You See Me 2,2016,2016-06-02,"One year after outwitting the FBI and winning the public’s adulation with their mind-bending spectacles, the Four Horsemen resurface only to find themselves face to face with a new enemy who enlists them to pull off their most dangerous heist yet.",/A81kDB6a1K86YLlcOtZB27jriJh.jpg,/oFQilRMEq6yQbtMPxIYWpXeQ5ZN.jpg,EXISTING_TMDB_ID,CONFIDENT,
"Now You See Me, Now You Don't",Fandango | Movies Anywhere,MATCH_EXISTING,"Now You See Me, Now You Don't",425274,2025,,425274,Now You See Me: Now You Don't,Now You See Me: Now You Don't,2025,2025-11-12,"The original Four Horsemen reunite with a new generation of illusionists to take on powerful diamond heiress Veronika Vanderberg, who leads a criminal empire built on money laundering and trafficking. The new and old magicians must overcome their differences to work together on their most ambitious heist yet.",/oD3Eey4e4Z259XLm3eD3WGcoJAh.jpg,/ufqytAlziHq5pljKByGJ8IKhtEZ.jpg,EXISTING_TMDB_ID,CONFIDENT,
Ocean's 8,Fandango | Movies Anywhere,MATCH_EXISTING,Ocean's 8,402900,2018,,402900,Ocean's Eight,Ocean's Eight,2018,2018-06-07,"Debbie Ocean, a criminal mastermind, gathers a crew of female thieves to pull off the heist of the century at New York's annual Met Gala.",/MvYpKlpFukTivnlBhizGbkAe3v.jpg,/scQf03Fm3jeyv4FH04qvi4fp4wh.jpg,EXISTING_TMDB_ID,CONFIDENT,
Ocean's Eleven,Fandango | Movies Anywhere | Prime,MATCH_EXISTING,Ocean's Eleven,161,2001,,161,Ocean's Eleven,Ocean's Eleven,2001,2001-12-07,"Less than 24 hours into his parole, charismatic thief Danny Ocean is already rolling out his next plan: In one night, Danny's hand-picked crew of specialists will attempt to steal more than $150 million from three Las Vegas casinos. But to score the cash, Danny risks his chances of reconciling with ex-wife, Tess.",/hQQCdZrsHtZyR6NbKH2YyCqd2fR.jpg,/ncoqdHs1poUaBqyKic9YI8ai7MP.jpg,EXISTING_TMDB_ID,CONFIDENT,
Ocean's Thirteen,Fandango | Movies Anywhere,MATCH_EXISTING,Ocean's Thirteen,298,2007,,298,Ocean's Thirteen,Ocean's Thirteen,2007,2007-06-05,"Danny Ocean's team of criminals are back and composing a plan more personal than ever. When ruthless casino owner Willy Bank doublecrosses Reuben Tishkoff, causing a heart attack, Danny Ocean vows that he and his team will do anything to bring down Willy Bank along with everything he's got. Even if it means asking for help from an enemy.",/pBsZs4zYUiUTemqbikTZ76iQRaU.jpg,/uS18gs16EXfFJhjA11cXj4WWPMb.jpg,EXISTING_TMDB_ID,CONFIDENT,
Ocean's Twelve,Fandango | Movies Anywhere,MATCH_EXISTING,Ocean's Twelve,163,2004,,163,Ocean's Twelve,Ocean's Twelve,2004,2004-12-09,"Despite pulling off one of the biggest heists in Las Vegas history and splitting the $160 million take, each of the infamous Ocean's crew have tried to go straight, lay low and live a legit life... but that's proven to be a challenge. Casino owner Terry Benedict demands that Danny Ocean return the money, plus millions more in interest. Unable to come up the cash, the crew is forced to come together to pull off another series of heists, this time in Rome, Paris, and Amsterdam – but a Europol agent is hot on their heels.",/pE5anFf7nf6ah7V3VRezQ1KSovi.jpg,/5b5HrewiViLWEdMR4dmbd7ajQ8Q.jpg,EXISTING_TMDB_ID,CONFIDENT,
Office Christmas Party,Fandango,MATCH_EXISTING,Office Christmas Party,384682,2016,,384682,Office Christmas Party,Office Christmas Party,2016,2016-11-25,"When Carol Vanstone, CEO of the technology company Zenotek, expresses her intention to close the Chicago branch, run by her brother Clay, he and his co-workers organize a Christmas party in an effort to impress a potential client and save their jobs. But the party gets out of control…",/7r3w3cPTbNEIr1imb8zXyeIJCJe.jpg,/1uDvPjKthACQKeQBvkiJ3aSvtdh.jpg,EXISTING_TMDB_ID,CONFIDENT,
Pan,Fandango | Movies Anywhere,MATCH_EXISTING,Pan,266647,2015,,266647,Pan,Pan,2015,2015-09-24,"Living a bleak existence at a London orphanage, 12-year-old Peter finds himself whisked away to the fantastical world of Neverland. Adventure awaits as he meets new friend James Hook and the warrior Tiger Lily. They must band together to save Neverland from the ruthless pirate Blackbeard. Along the way, the rebellious and mischievous boy discovers his true destiny, becoming the hero forever known as Peter Pan.",/w8i0mZR7MEL7c3bXSsuYg7VJsew.jpg,/fACoy2VWw9lz1UbqrgtbIcSYi5e.jpg,EXISTING_TMDB_ID,CONFIDENT,
Pitch Perfect,Fandango | Movies Anywhere,MATCH_EXISTING,Pitch Perfect,114150,2012,,114150,Pitch Perfect,Pitch Perfect,2012,2012-09-28,"College student Beca knows she does not want to be part of a clique, but that's exactly where she finds herself after arriving at her new school. Thrust in among mean gals, nice gals and just plain weird gals, Beca finds that the only thing they have in common is how well they sing together. She takes the women of the group out of their comfort zone of traditional arrangements and into a world of amazing harmonic combinations in a fight to the top of college music competitions.",/gsFoJk9g8W3zgaipRrrURk7LbiF.jpg,/2sE6hrwfn9IV7eDlMvpIb9q1EWy.jpg,EXISTING_TMDB_ID,CONFIDENT,
Pitch Perfect 2,Fandango | Movies Anywhere,MATCH_EXISTING,Pitch Perfect 2,254470,2015,,254470,Pitch Perfect 2,Pitch Perfect 2,2015,2015-05-07,"The Bellas are back, and they are better than ever. After being humiliated in front of none other than the President of the United States of America, the Bellas are taken out of the Aca-Circuit. In order to clear their name, and regain their status, the Bellas take on a seemingly impossible task: winning an international competition no American team has ever won. In order to accomplish this monumental task, they need to strengthen the bonds of friendship and sisterhood and blow away the competition with their amazing aca-magic! With all new friends and old rivals tagging along for the trip, the Bellas can hopefully accomplish their dreams.",/fQaEGzFmvTYu3G641WV0Tg9auAt.jpg,/bWOfRV1Ubk9SWEDZDDjsmIUCcbZ.jpg,EXISTING_TMDB_ID,CONFIDENT,
Pitch Perfect 3,Fandango | Movies Anywhere,MATCH_EXISTING,Pitch Perfect 3,353616,2017,,353616,Pitch Perfect 3,Pitch Perfect 3,2017,2017-12-20,"After the highs of winning the world championships, the Bellas find themselves split apart and discovering there aren't job prospects for making music with your mouth. But when they get the chance to reunite for an overseas USO tour, this group of awesome nerds will come together to make some music, and some questionable decisions, one last time.",/v4tbRRX0OSOHcgz2869rEjcBwOJ.jpg,/AuKCLmUmdzhXPdaTaR8BMxc5Rv6.jpg,EXISTING_TMDB_ID,CONFIDENT,
"Planes, Trains and Automobiles",Fandango,MATCH_EXISTING,"Planes, Trains and Automobiles",2609,1987,,2609,"Planes, Trains and Automobiles","Planes, Trains and Automobiles",1987,1987-11-26,"An irritable marketing executive, Neal Page, is heading home to Chicago for Thanksgiving when a number of delays force him to travel with a well meaning but overbearing shower curtain ring salesman, Del Griffith.",/fwi2cET87xArJCb8MdbWq2BZO3n.jpg,/4f8JBqvWyPObKTrjvJnp9BeOUyY.jpg,EXISTING_TMDB_ID,CONFIDENT,
"Polar Express, The",Fandango | Movies Anywhere,MATCH_EXISTING,"Polar Express, The",5255,2004,"Title variant normalized to existing movie record; per your rule, assume same version.",5255,The Polar Express,The Polar Express,2004,2004-11-10,"When a doubting young boy takes an extraordinary train ride to the North Pole, he embarks on a journey of self-discovery that shows him that the wonder of life never fades for those who believe.",/eOoCzH0MqeGr2taUZO4SwG416PF.jpg,/jtOvTVlkF8TlaOq94oNXRc9u2yp.jpg,EXISTING_TMDB_ID,CONFIDENT,
Rambo,Fandango | Movies Anywhere,MATCH_EXISTING,Rambo,7555,2008,,7555,Rambo,Rambo,2008,2008-01-24,"In Thailand, ex-Green Beret John James Rambo joins a group of mercenaries to venture into war-torn neighboring Myanmar to rescue a group of Christian aid workers who have been kidnapped by a ruthless local infantry unit.",/3mInub5c8o00H7EJ1TrjAqOzIuc.jpg,/wzfTG1obTazlGXiIcfRIviBZ1QU.jpg,EXISTING_TMDB_ID,CONFIDENT,
Return to Never Land,Fandango,MATCH_EXISTING,Return to Never Land,16690,2002,,16690,Return to Never Land,Return to Never Land,2002,2002-02-14,"In 1940, the world is besieged by World War II. Wendy, all grown up, has two children; including Jane, who does not believe Wendy's stories about Peter Pan.",/wB3r2b8sxUZspqNyr8copMlt7se.jpg,/tz0MjeUUGgyfNfBPiIksaqEgos6.jpg,EXISTING_TMDB_ID,CONFIDENT,
Riddick,Fandango | Movies Anywhere,MATCH_EXISTING,Riddick,87421,2013,,87421,Riddick,Riddick,2013,2013-09-02,"Betrayed by his own kind and left for dead on a desolate planet, Riddick fights for survival against alien predators and becomes more powerful and dangerous than ever before. Soon bounty hunters from throughout the galaxy descend on Riddick only to find themselves pawns in his greater scheme for revenge. With his enemies right where he wants them, Riddick unleashes a vicious attack of vengeance before returning to his home planet of Furya to save it from destruction.",/pUul9pGWOKT7X0smkTvsIEIQxcP.jpg,/naGU49u4BXynQ1o5L755pfs8dom.jpg,EXISTING_TMDB_ID,CONFIDENT,
Rise of the Planet of the Apes,Fandango | Movies Anywhere,MATCH_EXISTING,Rise of the Planet of the Apes,61791,2011,,61791,Rise of the Planet of the Apes,Rise of the Planet of the Apes,2011,2011-08-03,"A highly intelligent chimpanzee named Caesar has been living a peaceful suburban life ever since he was born. But when he gets taken to a cruel primate facility, Caesar decides to revolt against those who have harmed him.",/oqA45qMyyo1TtrnVEBKxqmTPhbN.jpg,/6cCF0KMUO2QmrVsQFujkQduREXX.jpg,EXISTING_TMDB_ID,CONFIDENT,
Rock of Ages,Fandango | Movies Anywhere,MATCH_EXISTING,Rock of Ages,80585,2012,,80585,Rock of Ages,Rock of Ages,2012,2012-06-13,"A small town girl and a city boy meet on the Sunset Strip, while pursuing their Hollywood dreams.",/oVeE2QTUb14jPU2lYEGPE3s8T9j.jpg,/9b1KGgzmZsUl7g3p1bjjpMRxANe.jpg,EXISTING_TMDB_ID,CONFIDENT,
Rocky Balboa,Fandango,MATCH_EXISTING,Rocky Balboa,1246,2006,,1246,Rocky Balboa,Rocky Balboa,2006,2006-12-20,"When he loses a highly publicized virtual boxing match to ex-champ Rocky Balboa, reigning heavyweight titleholder Mason Dixon retaliates by challenging the Italian Stallion to a 10-round exhibition bout. To the surprise of his son and friends, Rocky agrees to come out of retirement and face an opponent who's faster, stronger and thirty years his junior. Rocky takes on Dixon in what will become the greatest fight in boxing history!",/byBlJvZwCqgtIwrZNv0pyE974jC.jpg,/9mwMaNeeqPXJviKk2UKLxFm9vUW.jpg,EXISTING_TMDB_ID,CONFIDENT,
Rounders,Prime,MATCH_EXISTING,Rounders,10220,1998,,10220,Rounders,Rounders,1998,1998-09-11,"Poker addict Mike McDermott knows the game inside out, but loses his money one night in a game to Russian-American gangster Teddy KGB. Promising his partner Jo he'll give up, he meets up with best friend Lester 'Worm' Murphy, just out of prison and owing lots of money to the wrong kind of people. McDermott becomes his co-guarantor and now there's only one way to raise the money, the pair have to get back into the game.",/mqbMwYGwIChnaCO55h7v8DG8Wwy.jpg,/tgRQsrjBKdic7llxhI7pqLJb8kS.jpg,EXISTING_TMDB_ID,CONFIDENT,
Rudy,Fandango | Movies Anywhere,MATCH_EXISTING,Rudy,14534,1993,,14534,Rudy,Rudy,1993,1993-09-17,"Rudy grew up in a steel mill town where most people ended up working, but wanted to play football at Notre Dame instead. There were only a couple of problems. His grades were a little low, his athletic skills were poor, and he was only half the size of the other players. But he had the drive and the spirit of 5 people and has set his sights upon joining the team.",/fAbfTCRpjHe2rprXBly55KL1dL9.jpg,/flzoI6jEw7J0X5x2rwOMZCwZ57I.jpg,EXISTING_TMDB_ID,CONFIDENT,
Shazam!,Fandango | Movies Anywhere | Prime,MATCH_EXISTING,Shazam!,287947,2019,,287947,Shazam!,Shazam!,2019,2019-03-29,A boy is given the ability to become an adult superhero in times of need with a single magic word.,/xnopI5Xtky18MPhK40cZAGAOVeV.jpg,/o7JVhqMmrex1TPbmuxl8YXVlcfl.jpg,EXISTING_TMDB_ID,CONFIDENT,
Sherlock Holmes: A Game of Shadows,Fandango | Movies Anywhere,MATCH_EXISTING,Sherlock Holmes: A Game of Shadows,58574,2011,,58574,Sherlock Holmes: A Game of Shadows,Sherlock Holmes: A Game of Shadows,2011,2011-11-22,"There is a new criminal mastermind at large (Professor Moriarty) and not only is he Holmes’ intellectual equal, but his capacity for evil and lack of conscience may give him an advantage over the detective.",/2HsHurlnTOyU6yUS14gY6BQCyRs.jpg,/lWNASscWXn32Asr9vkB1wq6cKvD.jpg,EXISTING_TMDB_ID,CONFIDENT,
Sing,Fandango | Movies Anywhere,MATCH_EXISTING,Sing,335797,2016,,335797,Sing,Sing,2016,2016-11-23,A koala named Buster recruits his best friend to help him drum up business for his theater by hosting a singing competition.,/rwopfpHqPCYBSgBuZwkaXXqHp14.jpg,/z9ft5HYHzWcasR6SGcgeluxTznB.jpg,EXISTING_TMDB_ID,CONFIDENT,
Sonic the Hedgehog,Fandango,MATCH_EXISTING,Sonic the Hedgehog,454626,2020,,454626,Sonic the Hedgehog,Sonic the Hedgehog,2020,2020-02-12,"Powered with incredible speed, Sonic The Hedgehog embraces his new home on Earth. That is, until Sonic sparks the attention of super-uncool evil genius Dr. Robotnik. Now it’s super-villain vs. super-sonic in an all-out race across the globe to stop Robotnik from using Sonic’s unique power for world domination.",/aQvJ5WPzZgYVDrxLX4R6cLJCEaQ.jpg,/stmYfCUGd8Iy6kAMBr6AmWqx8Bq.jpg,EXISTING_TMDB_ID,CONFIDENT,
Sonic the Hedgehog 2,Fandango,MATCH_EXISTING,Sonic the Hedgehog 2,675353,2022,,675353,Sonic the Hedgehog 2,Sonic the Hedgehog 2,2022,2022-03-30,"After settling in Green Hills, Sonic is eager to prove he has what it takes to be a true hero. His test comes when Dr. Robotnik returns, this time with a new partner, Knuckles, in search for an emerald that has the power to destroy civilizations. Sonic teams up with his own sidekick, Tails, and together they embark on a globe-trotting journey to find the emerald before it falls into the wrong hands.",/6DrHO1jr3qVrViUO6s6kFiAGM7.jpg,/xuLA0pii2IMJW2puT7EvJtgpg0H.jpg,EXISTING_TMDB_ID,CONFIDENT,
Sonic the Hedgehog 3,Fandango,MATCH_EXISTING,Sonic the Hedgehog 3,939243,2024,,939243,Sonic the Hedgehog 3,Sonic the Hedgehog 3,2024,2024-12-19,"Sonic, Knuckles, and Tails reunite against a powerful new adversary, Shadow, a mysterious villain with powers unlike anything they have faced before. With their abilities outmatched in every way, Team Sonic must seek out an unlikely alliance in hopes of stopping Shadow and protecting the planet.",/d8Ryb8AunYAuycVKDp5HpdWPKgC.jpg,/zOpe0eHsq0A2NvNyBbtT6sj53qV.jpg,EXISTING_TMDB_ID,CONFIDENT,
Speed,Fandango | Movies Anywhere,MATCH_EXISTING,Speed,1637,1994,,1637,Speed,Speed,1994,1994-06-09,Tensions run high when a crazed bomber rigs a Los Angeles bus with a device that will kill everyone on board if the vehicle's speed dips below fifty miles per hour.,/82PkCE4R95KhHICUDF7G4Ly2z3l.jpg,/lywmuPU5Hr1Mnpb9UGeDbILmkTx.jpg,EXISTING_TMDB_ID,CONFIDENT,
Spy,Fandango | Movies Anywhere,MATCH_EXISTING,Spy,238713,2015,,238713,Spy,Spy,2015,2015-05-06,"A desk-bound CIA analyst volunteers to go undercover to infiltrate the world of a deadly arms dealer, and prevent diabolical global disaster.",/vPBmfMHxQvRRNGYD5S5ko2KnX56.jpg,/eHEGPHKHTVhWdXzBQcrTATz9M0I.jpg,EXISTING_TMDB_ID,CONFIDENT,
Star Trek Into Darkness,Fandango,MATCH_EXISTING,Star Trek Into Darkness,54138,2013,,54138,Star Trek Into Darkness,Star Trek Into Darkness,2013,2013-05-05,"When the crew of the Enterprise is called back home, they find an unstoppable force of terror from within their own organization has detonated the fleet and everything it stands for, leaving our world in a state of crisis.  With a personal score to settle, Captain Kirk leads a manhunt to a war-zone world to capture a one man weapon of mass destruction. As our heroes are propelled into an epic chess game of life and death, love will be challenged, friendships will be torn apart, and sacrifices must be made for the only family Kirk has left: his crew.",/Aim3kVNh1MPIxPEFeJrl9e9Uf1a.jpg,/npDrIM6ZbuD7nUxI7ZzNBxs4IRF.jpg,EXISTING_TMDB_ID,CONFIDENT,
Suicide Squad,Fandango | Movies Anywhere,MATCH_EXISTING,Suicide Squad,297761,2016,,297761,Suicide Squad,Suicide Squad,2016,2016-08-03,"From DC Comics comes the Suicide Squad, an antihero team of incarcerated supervillains who act as deniable assets for the United States government, undertaking high-risk black ops missions in exchange for commuted prison sentences.",/sk3FZgh3sRrmr8vyhaitNobMcfh.jpg,/8XyX5Us7uzwQdXtAdnhCB9Gquek.jpg,EXISTING_TMDB_ID,CONFIDENT,
Sweeney Todd: The Demon Barber of Fleet Street,Fandango,MATCH_EXISTING,Sweeney Todd: The Demon Barber of Fleet Street,13885,2007,,13885,Sweeney Todd: The Demon Barber of Fleet Street,Sweeney Todd: The Demon Barber of Fleet Street,2007,2007-12-21,"The infamous story of Benjamin Barker, a.k.a Sweeney Todd, who sets up a barber shop down in London which is the basis for a sinister partnership with his fellow tenant, Mrs. Lovett. Based on the hit Broadway musical.",/gAW4J1bkRjZKmFsJsIiOBASeoAp.jpg,/obYVvi6eD4rjFeC7g4uoZQPIh7F.jpg,EXISTING_TMDB_ID,CONFIDENT,
Tango & Cash,Fandango | Movies Anywhere,MATCH_EXISTING,Tango & Cash,9618,1989,,9618,Tango & Cash,Tango & Cash,1989,1989-12-22,"Ray Tango and Gabriel Cash are two successful narcotics detectives who can't stand each other. Crime lord Yves Perret, furious at the loss of income they have caused him, plots an elaborate revenge against them.",/jxxxjTu87OSmQYkMFF7MgOEDXRn.jpg,/vzvHhP8ZrDvOOx5fa9YC0OzDNIU.jpg,EXISTING_TMDB_ID,CONFIDENT,
That's My Boy,Fandango | Movies Anywhere,MATCH_EXISTING,That's My Boy,87428,2012,,87428,That's My Boy,That's My Boy,2012,2012-06-14,"While in his teens, Donny fathered a son, Todd, and raised him as a single parent up until Todd's 18th birthday. Now, after not seeing each other for years, Todd's world comes crashing down when Donny resurfaces just before Todd's wedding.",/oaLhdRsZ5Mq8VfZtA4Wlvjzzn0X.jpg,/pm6RRZOnkZW8MYIZPDnETD4FD40.jpg,EXISTING_TMDB_ID,CONFIDENT,
Thor: The Dark World,Fandango | Movies Anywhere,MATCH_EXISTING,Thor: The Dark World,76338,2013,,76338,Thor: The Dark World,Thor: The Dark World,2013,2013-10-30,"Thor fights to restore order across the cosmos… but an ancient race led by the vengeful Malekith returns to plunge the universe back into darkness. Faced with an enemy that even Odin and Asgard cannot withstand, Thor must embark on his most perilous and personal journey yet, one that will reunite him with Jane Foster and force him to sacrifice everything to save us all.",/wp6OxE4poJ4G7c0U2ZIXasTSMR7.jpg,/5QEOy0QEpad9QsXeMxuGHPXMale.jpg,EXISTING_TMDB_ID,CONFIDENT,
Top Gun: Maverick,Fandango,MATCH_EXISTING,Top Gun: Maverick,361743,2022,,361743,Top Gun: Maverick,Top Gun: Maverick,2022,2022-05-21,"After more than thirty years of service as one of the Navy’s top aviators, and dodging the advancement in rank that would ground him, Pete “Maverick” Mitchell finds himself training a detachment of TOP GUN graduates for a specialized mission the likes of which no living pilot has ever seen.",/n0YuM4f5lvGAP6MAW2kBIzugXnc.jpg,/AaV1YIdWKnjAIAOe8UUKBFm327v.jpg,EXISTING_TMDB_ID,CONFIDENT,
Total Recall,Fandango | Movies Anywhere,MATCH_EXISTING,Total Recall,861,1990,,861,Total Recall,Total Recall,1990,1990-06-01,"Construction worker Douglas Quaid's obsession with the planet Mars leads him to visit Rekall, a virtual vacation company that manufactures memories. When something goes wrong during Quaid's memory implant procedure, his life turns upside down, leading him to question what is reality and what isn't.",/wVbeL6fkbTKSmNfalj4VoAUUqJv.jpg,/x2wOlXuK4NzPDQ0OBZiJjNNOp6Y.jpg,EXISTING_TMDB_ID,CONFIDENT,
Transformers: Age of Extinction,Fandango,MATCH_EXISTING,Transformers: Age of Extinction,91314,2014,,91314,Transformers: Age of Extinction,Transformers: Age of Extinction,2014,2014-06-25,"As humanity picks up the pieces after the battle of Chicago, a shadowy group reveals itself in an attempt to control the direction of history…while an ancient, powerful new menace sets Earth in its crosshairs. With help from Cade Yeager, Optimus Prime and the Autobots rise to meet their most fearsome challenge yet.",/jyzrfx2WaeY60kYZpPYepSjGz4S.jpg,/wxr4Z6E83h14CogsZOzDm1vuDX3.jpg,EXISTING_TMDB_ID,CONFIDENT,
Transformers: The Last Knight,Fandango,MATCH_EXISTING,Transformers: The Last Knight,335988,2017,,335988,Transformers: The Last Knight,Transformers: The Last Knight,2017,2017-06-16,"Humans and Transformers are at war. Optimus Prime is gone. The key to saving our future lies buried in the secrets of the past, in the hidden history of Transformers on Earth. Saving our world falls upon the shoulders of an unlikely alliance: Cade Yeager; Bumblebee; an English Lord; and an Oxford Professor.",/s5HQf2Gb3lIO2cRcFwNL9sn1o1o.jpg,/1n00NlOGRFZVs8coBxyZLm5l4EC.jpg,EXISTING_TMDB_ID,CONFIDENT,
Trolls,Fandango | Movies Anywhere,MATCH_EXISTING,Trolls,136799,2016,,136799,Trolls,Trolls,2016,2016-10-13,"After the monstrous Bergens invade Troll Village, Princess Poppy, the happiest Troll ever born, and overly-cautious, curmudgeonly outcast Branch set off on a journey to rescue her friends. Their mission is full of adventure and mishaps, as this mismatched duo try to tolerate each other long enough to get the job done.",/9VlK2j0THZWzhQPq0W3Oc0IIdBB.jpg,/gXyYOWAkk4FdQU3adK8WFj8nN9J.jpg,EXISTING_TMDB_ID,CONFIDENT,
Trouble with the Curve,Fandango | Movies Anywhere,MATCH_EXISTING,Trouble with the Curve,87825,2012,,87825,Trouble with the Curve,Trouble with the Curve,2012,2012-09-21,"Slowed by age and failing eyesight, crack baseball scout Gus Lobel takes his grown daughter along as he checks out the final prospect of his career. Along the way, the two renew their bond, and she catches the eye of a young player-turned-scout.",/zLZQVmxOj5kICbS5Pq7rB1cbPvP.jpg,/ivndXrpSYpCSuu2S5OrUvzAetCc.jpg,EXISTING_TMDB_ID,CONFIDENT,
True Lies,Fandango | Movies Anywhere,MATCH_EXISTING,True Lies,36955,1994,,36955,True Lies,True Lies,1994,1994-07-15,"A fearless, globe-trotting, terrorist-battling secret agent has his life turned upside down when he discovers his wife might be having an affair with a used car salesman while terrorists smuggle nuclear war heads into the United States.",/pqdvCBDThAOjlA0XBzbNm7GvwpU.jpg,/jRZ3joUcg8YDCQYl4Tog5xhY6wk.jpg,EXISTING_TMDB_ID,CONFIDENT,
"Twilight Saga: Breaking Dawn - Part 1, The",Fandango,MATCH_EXISTING,"Twilight Saga: Breaking Dawn - Part 1, The",50619,2011,,50619,The Twilight Saga: Breaking Dawn - Part 1,The Twilight Saga: Breaking Dawn - Part 1,2011,2011-11-16,Bella Swan and Edward Cullen's honeymoon phase is abruptly disrupted by betrayals and unforeseen tragedies that endanger their world.,/qs8LsHKYlVRmJbFUiSUhhRAygwj.jpg,/hBwDYiOPwXHuwiYGP82ekFNSeBr.jpg,EXISTING_TMDB_ID,CONFIDENT,
"Twilight Saga: Breaking Dawn - Part 2, The",Fandango | Movies Anywhere,MATCH_EXISTING,"Twilight Saga: Breaking Dawn - Part 2, The",50620,2012,"Title variant normalized to existing movie record; per your rule, assume same version.",50620,The Twilight Saga: Breaking Dawn - Part 2,The Twilight Saga: Breaking Dawn - Part 2,2012,2012-11-13,"After the birth of Renesmee, the Cullens gather other vampire clans in order to protect the child from a false allegation that puts the family in front of the Volturi.",/7IGdPaKujv0BjI0Zd0m0a4CzEjJ.jpg,/qkl57wzSFrpi2sRpoc2mZJbMuLP.jpg,EXISTING_TMDB_ID,CONFIDENT,
Underworld: Awakening,Fandango | Movies Anywhere,MATCH_EXISTING,Underworld: Awakening,52520,2012,"Title variant normalized to existing movie record; per your rule, assume same version.",52520,Underworld: Awakening,Underworld: Awakening,2012,2012-01-19,"Having escaped years of imprisonment, vampire warrioress Selene finds herself in a changed world where humans have discovered the existence of both Vampire and Lycan clans and are conducting an all-out war to eradicate both immortal species. Now Selene must battle the humans and a frightening new breed of super Lycans to ensure the death dealers' survival.",/jN0uuc8U6M3sTg9zEaliJV60Stf.jpg,/wJJJS5ey53DqJ3cTuu7GFJsRsWu.jpg,EXISTING_TMDB_ID,CONFIDENT,
V for Vendetta,Fandango | Movies Anywhere,MATCH_EXISTING,V for Vendetta,752,2006,,752,V for Vendetta,V for Vendetta,2006,2006-02-23,"In a world in which Great Britain has become a fascist state, a masked vigilante known only as “V” conducts guerrilla warfare against the oppressive British government. When V rescues a young woman from the secret police, he finds in her an ally with whom he can continue his fight to free the people of Britain.",/1avD1JeaRiJX5M4ahPdZPypGoGN.jpg,/sFEYsEfzTx7hhjetlNrme8B5OUo.jpg,EXISTING_TMDB_ID,CONFIDENT,
Violent Night,Fandango | Movies Anywhere,MATCH_EXISTING,Violent Night,899112,2022,,899112,Violent Night,Violent Night,2022,2022-11-30,"When a team of mercenaries breaks into a wealthy family compound on Christmas Eve, taking everyone inside hostage, the team isn’t prepared for a surprise combatant: Santa Claus is on the grounds, and he’s about to show why this Nick is no saint.",/e8CpMgdyihz9Td7amQDqubPuzfN.jpg,/sBOenwOZGRN5nZZGw4TxwtnfrEf.jpg,EXISTING_TMDB_ID,CONFIDENT,
Warrior,Fandango | Movies Anywhere,MATCH_EXISTING,Warrior,59440,2011,,59440,Warrior,Warrior,2011,2011-09-09,"The youngest son of an alcoholic former boxer returns home, where he's trained by his father for competition in a mixed martial arts tournament – a path that puts the fighter on a collision course with his estranged, older brother.",/iM8n4nZJPR2abpnyZ36FUgHiRjr.jpg,/zb7b40ieuRGiIc9ebIEapneaCsl.jpg,EXISTING_TMDB_ID,CONFIDENT,
Wayne's World,Fandango,MATCH_EXISTING,Wayne's World,8872,1992,,8872,Wayne's World,Wayne's World,1992,1992-02-14,"The adventures of two amiably aimless metal-head friends, Wayne and Garth. From Wayne's basement, the pair broadcast a talk-show called ""Wayne's World"" on local public access television. The show comes to the attention of a sleazy network executive who wants to produce a big-budget version of ""Wayne's World""—and he also wants Wayne's girlfriend, a rock singer named Cassandra. Wayne and Garth have to battle the executive not only to save their show, but also Cassandra.",/fHwZnFNWR7PaS9t5EBwTvGPeoYQ.jpg,/lAvf5zzyOgTZmpRBRJFa7IVVqCK.jpg,EXISTING_TMDB_ID,CONFIDENT,
Wayne's World 2,Fandango,MATCH_EXISTING,Wayne's World 2,8873,1993,,8873,Wayne's World 2,Wayne's World 2,1993,1993-12-10,"A message from Jim Morrison in a dream prompts cable access TV stars Wayne and Garth to put on a rock concert, ""Waynestock,"" with Aerosmith as headliners. But amid the preparations, Wayne frets that a record producer is putting the moves on his girlfriend, Cassandra, while Garth handles the advances of mega-babe Honey Hornée.",/72TBNPN06oo1myHqihwcCQVDl48.jpg,/lehbmczbRb97gpufaAy6NFRSaUP.jpg,EXISTING_TMDB_ID,CONFIDENT,
We're the Millers,Fandango | Movies Anywhere,MATCH_EXISTING,We're the Millers,138832,2013,,138832,We're the Millers,We're the Millers,2013,2013-08-07,A veteran pot dealer creates a fake family as part of his plan to move a huge shipment of weed into the U.S. from Mexico.,/qF2LJ0jwWrtXSuT4AFD5OS2IqaT.jpg,/jxDo3i2f6Ab1XeTWjdNDkkZYEju.jpg,EXISTING_TMDB_ID,CONFIDENT,
Wicked,Fandango | Movies Anywhere,MATCH_EXISTING,Wicked,402431,2024,,402431,Wicked,Wicked,2024,2024-10-16,"In the land of Oz, ostracized and misunderstood green-skinned Elphaba is forced to share a room with the popular aristocrat Glinda at Shiz University, and the two's unlikely friendship is tested as they begin to fulfill their respective destinies as Glinda the Good and the Wicked Witch of the West.",/xDGbZ0JJ3mYaGKy4Nzd9Kph6M9L.jpg,/fyZ6SDUS4o9jp2EHxfZa3qS9ean.jpg,EXISTING_TMDB_ID,CONFIDENT,
Wicked: For Good,Fandango | Movies Anywhere,MATCH_EXISTING,Wicked: For Good,967941,2025,,967941,Wicked: For Good,Wicked: For Good,2025,2025-11-19,"As an angry mob rises against the Wicked Witch, Glinda and Elphaba will need to come together one final time. With their singular friendship now the fulcrum of their futures, they will need to truly see each other, with honesty and empathy, if they are to change themselves, and all of Oz, for good.",/si9tolnefLSUKaqQEGz1bWArOaL.jpg,/cGbPBHKSFO7hSIjxkb3KOaGdOep.jpg,EXISTING_TMDB_ID,CONFIDENT,
Willy Wonka & the Chocolate Factory,Fandango | Movies Anywhere,MATCH_EXISTING,Willy Wonka & the Chocolate Factory,252,1971,"Title variant normalized to existing movie record; per your rule, assume same version.",252,Willy Wonka & the Chocolate Factory,Willy Wonka & the Chocolate Factory,1971,1971-06-29,"When eccentric candy man Willy Wonka promises a lifetime supply of sweets and a tour of his chocolate factory to five lucky kids, penniless Charlie Bucket seeks the golden ticket that will make him a winner.",/vmpsZkrs4Uvkp9r1atL8B3frA63.jpg,/ko7hMSCtXoJFfpYAIbrowwgH0eq.jpg,EXISTING_TMDB_ID,CONFIDENT,
Wonder Woman,Fandango | Movies Anywhere,MATCH_EXISTING,Wonder Woman,297762,2017,,297762,Wonder Woman,Wonder Woman,2017,2017-05-30,An Amazon princess comes to the world of Man in the grips of the First World War to confront the forces of evil and bring an end to human conflict.,/v4ncgZjG2Zu8ZW5al1vIZTsSjqX.jpg,/AaABt75ZzfMGrscUR2seabz4PEX.jpg,EXISTING_TMDB_ID,CONFIDENT,
Wonka,Fandango | Movies Anywhere,MATCH_EXISTING,Wonka,787699,2023,,787699,Wonka,Wonka,2023,2023-12-06,"Willy Wonka – chock-full of ideas and determined to change the world one delectable bite at a time – is proof that the best things in life begin with a dream, and if you’re lucky enough to meet Willy Wonka, anything is possible.",/qhb1qOilapbapxWQn9jtRCMwXJF.jpg,/uIk2g2bRkNwNywKZIhC5oIU94Kh.jpg,EXISTING_TMDB_ID,CONFIDENT,
Wrath of Man,Fandango,MATCH_EXISTING,Wrath of Man,637649,2021,,637649,Wrath of Man,Wrath of Man,2021,2021-04-22,"A cold and mysterious new security guard for a Los Angeles cash truck company surprises his co-workers when he unleashes precision skills during a heist. The crew is left wondering who he is and where he came from. Soon, the marksman's ultimate motive becomes clear as he takes dramatic and irrevocable steps to settle a score.",/M7SUK85sKjaStg4TKhlAVyGlz3.jpg,/70AV2Xx5FQYj20labp0EGdbjI6E.jpg,EXISTING_TMDB_ID,CONFIDENT,
X-Men: Days of Future Past,Fandango | Movies Anywhere,MATCH_EXISTING,X-Men: Days of Future Past,127585,2014,,127585,X-Men: Days of Future Past,X-Men: Days of Future Past,2014,2014-05-15,The ultimate X-Men ensemble fights a war for the survival of the species across two time periods as they join forces with their younger selves in an epic battle that must change the past – to save our future.,/tYfijzolzgoMOtegh1Y7j2Enorg.jpg,/3czpqXzFy5UcNuD1AubecRLWkwD.jpg,EXISTING_TMDB_ID,CONFIDENT,
Aladdin,Fandango | Movies Anywhere,REVIEW_VERSION,Aladdin,420817,2019,"Existing catalog record is TMDB 420817 (2019). Digital list also contains unqualified ""Aladdin"" from Fandango; keep 2019 assumption for now, but flag because the unqualified title could be the 1992 film.",420817,Aladdin,Aladdin,2019,2019-05-22,A kindhearted street urchin named Aladdin embarks on a magical adventure after finding a lamp that releases a wisecracking genie while a power-hungry Grand Vizier vies for the same lamp that has the power to make their deepest wishes come true.,/ykUEbfpkf8d0w49pHh0AD2KrT52.jpg,/rVqY0Bo4Npf6EIONUROxjYAJfmD.jpg,EXISTING_TMDB_ID,CONFIDENT,
Rambo: First Blood,Fandango | Movies Anywhere | Prime,REVIEW_VERSION,Rambo: First Blood,1368,1976,"Existing record is TMDB 1368 (1976), titled ""Rambo: First Blood""; digital title is commonly used for the same film, but verify if desired.",1368,First Blood,First Blood,1982,1982-10-22,"When former Green Beret John Rambo is harassed by local law enforcement and arrested for vagrancy, he is forced to flee into the mountains and wage an escalating one-man war against his pursuers.",/a9sa6ERZCpplbPEO7OMWE763CLD.jpg,/hCxxOJojCUFyuahDx167glJgp7E.jpg,EXISTING_TMDB_ID,CONFIDENT,
2001: A Space Odyssey,Fandango | Movies Anywhere,NEW_TMDB,,,,No reliable existing catalog match; fetch TMDB and create a new record.,62,2001: A Space Odyssey,2001: A Space Odyssey,1968,1968-04-02,"Humanity finds a mysterious object buried beneath the lunar surface and sets off to find its origins with the help of HAL 9000, the world's most advanced super computer.",/ve72VxNqjGM69Uky4WTo2bK6rfq.jpg,/w5IDXtifKntw0ajv2co7jFlTQDM.jpg,TMDB_SEARCH,REVIEW,TMDB ID was not supplied in the import file; manual confirmation required.
300: Rise of an Empire,Fandango | Movies Anywhere,NEW_TMDB,,,,No reliable existing catalog match; fetch TMDB and create a new record.,53182,300: Rise of an Empire,300: Rise of an Empire,2014,2014-03-05,"Greek general Themistocles attempts to unite all of Greece by leading the charge that will change the course of the war. Themistocles faces the massive invading Persian forces led by mortal-turned-god, Xerxes and Artemesia, the vengeful commander of the Persian navy.",/wYDdWN1McB1Sio4z1dPSkb40Z78.jpg,/chjkfyo57JexWo1YeIZRMk8wA4m.jpg,TMDB_SEARCH,REVIEW,TMDB ID was not supplied in the import file; manual confirmation required.
A Bad Moms Christmas,Fandango | Movies Anywhere,NEW_TMDB,,,,No reliable existing catalog match; fetch TMDB and create a new record.,431530,A Bad Moms Christmas,A Bad Moms Christmas,2017,2017-08-04,"Amy, Kiki and Carla – three under-appreciated and over-burdened women – rebel against the challenges and expectations of the Super Bowl for mothers: Christmas. And if creating a more perfect holiday for their families wasn’t hard enough, they have to do all of that while hosting and entertaining their own mothers.",/gPNHolu7AGnrB7r5kvJRRTfwMFR.jpg,/aIF2xRhE7iGxQd6ITGNrwYdGB9e.jpg,TMDB_SEARCH,REVIEW,TMDB ID was not supplied in the import file; manual confirmation required.
A Clockwork Orange,Fandango | Movies Anywhere,NEW_TMDB,,,,No reliable existing catalog match; fetch TMDB and create a new record.,185,A Clockwork Orange,A Clockwork Orange,1971,1971-10-28,"In a near-future Britain, young Alexander DeLarge and his pals get their kicks beating and raping anyone they please. When not destroying the lives of others, Alex swoons to the music of Beethoven. The state, eager to crack down on juvenile crime, gives an incarcerated Alex the option to undergo an invasive procedure that'll rob him of all personal agency. In a time when conscience is a commodity, can Alex change his tune?",/4sHeTAp65WrSSuc05nRBKddhBxO.jpg,/nLFxvLokHe3bQmrmAfljIfax2jQ.jpg,TMDB_SEARCH,REVIEW,TMDB ID was not supplied in the import file; manual confirmation required.
A Knight's Tale,Fandango | Movies Anywhere,NEW_TMDB,,,,No reliable existing catalog match; fetch TMDB and create a new record.,9476,A Knight's Tale,A Knight's Tale,2001,2001-05-11,"William Thatcher, a knight's peasant apprentice, gets a chance at glory when the knight dies suddenly mid-tournament. Posing as a knight himself, William won't stop until he's crowned tournament champion—assuming matters of the heart don't get in the way.",/srb1XnrlDZHcdpjBKqUu4qAzxKU.jpg,/gkT737kgnmI6jZyXbUBJRwVbGkW.jpg,TMDB_SEARCH,REVIEW,TMDB ID was not supplied in the import file; manual confirmation required.
A Merry Friggin' Christmas,Prime,NEW_TMDB,,,,No reliable existing catalog match; fetch TMDB and create a new record.,286532,A Merry Friggin' Christmas,A Merry Friggin' Christmas,2014,2014-11-07,"Boyd Mitchler and his family must spend Christmas with his estranged family of misfits. Upon realizing that he left all his son's gifts at home, he hits the road with his dad in an attempt to make the 8-hour round trip before sunrise.",/yiBwooPaWWPI0Q3B8XqvY6AJn3L.jpg,/39pBk3APJjE1AQuUNgk90d01F5m.jpg,TMDB_SEARCH,REVIEW,TMDB ID was not supplied in the import file; manual confirmation required.
A Very Nutty Christmas,Prime,NEW_TMDB,,,,No reliable existing catalog match; fetch TMDB and create a new record.,550651,A Very Nutty Christmas,A Very Nutty Christmas,2018,2018-11-30,"Hard-working bakery owner Kate Holiday, has more cookie orders than she has time to fill this holiday season, and when her boyfriend suddenly breaks up with her, any shred of Christmas joy she was hanging onto, immediately disappears. After Kate hangs the last ornament on the tree and goes to bed, she awakens the next morning to a little bit of Christmas magic. She gets the surprise of her life when Chip, a handsome soldier who may or may not be the Nutcracker Prince from Tchaikovsky’s “The Nutcracker,” appears in her living room.",/dZsYTYA4YvZ727UbfXGshqwmygk.jpg,/dDcimMQyNL0cTXGcxJD9XHI4xdn.jpg,TMDB_SEARCH,REVIEW,TMDB ID was not supplied in the import file; manual confirmation required.
Addams Family Values,Fandango,NEW_TMDB,,,,No reliable existing catalog match; fetch TMDB and create a new record.,2758,Addams Family Values,Addams Family Values,1993,1993-11-19,"Siblings Wednesday and Pugsley Addams will stop at nothing to get rid of Pubert, the new baby boy adored by parents Gomez and Morticia. Things go from bad to worse when the new ""black widow"" nanny, Debbie Jellinsky, launches her plan to add Fester to her collection of dead husbands.",/sdxT2VjVSx9DRicwnuECUdBHeE7.jpg,/sZhTfYouKM1iV3rVbgIVEQFQogA.jpg,TMDB_SEARCH,REVIEW,TMDB ID was not supplied in the import file; manual confirmation required.
Aladdin and the King of Thieves,Fandango | Movies Anywhere,NEW_TMDB,,,,No reliable existing catalog match; fetch TMDB and create a new record.,11238,Aladdin and the King of Thieves,Aladdin and the King of Thieves,1996,1996-05-20,"Legendary secrets are revealed as Aladdin and his friends—Jasmine, Abu, Carpet and, of course, the always entertaining Genie—face all sorts of terrifying threats and make some exciting last-minute escapes pursuing the King Of Thieves and his villainous crew.",/kTH7qEyvdDYMoQraQZm3LFKCge3.jpg,/gkzfPl0rjp5COdFXPaxitp9J3X3.jpg,TMDB_SEARCH,REVIEW,TMDB ID was not supplied in the import file; manual confirmation required.
Aladdin: The Return of Jafar,Fandango | Movies Anywhere,NEW_TMDB,,,,No reliable existing catalog match; fetch TMDB and create a new record.,15969,The Return of Jafar,The Return of Jafar,1994,1994-12-15,"The evil Jafar escapes from the magic lamp as an all-powerful genie, ready to plot his revenge against Aladdin. From battling elusive villains atop winged horses, to dodging flames inside an exploding lava pit, it's up to Aladdin - with Princess Jasmine and the outrageously funny Genie by his side - to save the kingdom once and for all.",/7SC793qtORB6YL4mu0F5o3hfjDQ.jpg,/mOOJm3tamy9iHg2mOEA77CM6ufZ.jpg,TMDB_SEARCH,REVIEW,TMDB ID was not supplied in the import file; manual confirmation required.
Anna,Fandango | Movies Anywhere,NEW_TMDB,,,,No reliable existing catalog match; fetch TMDB and create a new record.,484641,Anna,Anna,2019,2019-06-19,Beneath Anna Poliatova's striking beauty lies a secret that will unleash her indelible strength and skill to become one of the world's most feared government assassins.,/2U0oAVAE0lDRhNmJPPYhDW9kQ8t.jpg,/xavGKawUyXPWAa6JTUkFzaRXMPF.jpg,TMDB_SEARCH,REVIEW,TMDB ID was not supplied in the import file; manual confirmation required.
Annie,Fandango | Movies Anywhere,NEW_TMDB,,,,No reliable existing catalog match; fetch TMDB and create a new record.,196867,Annie,Annie,2014,2014-12-18,"Annie is a young, happy foster kid who's also tough enough to make her way on the streets of New York in 2014. Originally left by her parents as a baby with the promise that they'd be back for her someday, it's been a hard knock life ever since with her mean foster mom Miss Hannigan. But everything's about to change when the hard-nosed tycoon and New York mayoral candidate Will Stacks—advised by his brilliant VP and his shrewd and scheming campaign advisor—makes a thinly-veiled campaign move and takes her in. Stacks believes he's her guardian angel, but Annie's self-assured nature and bright, sun-will-come-out-tomorrow outlook on life just might mean it's the other way around.",/aKAM9V0izx4VhsdyAdBvAB26UCZ.jpg,/j3snmrxqxT60FrH1Z8i54fGnHZJ.jpg,TMDB_SEARCH,REVIEW,TMDB ID was not supplied in the import file; manual confirmation required.
Anyone But You,Fandango | Movies Anywhere,NEW_TMDB,,,,No reliable existing catalog match; fetch TMDB and create a new record.,1072790,Anyone but You,Anyone but You,2023,2023-12-21,"After an amazing first date, Bea and Ben’s fiery attraction turns ice cold — until they find themselves unexpectedly reunited at a destination wedding in Australia. So they do what any two mature adults would do: pretend to be a couple.",/5qHoazZiaLe7oFBok7XlUhg96f2.jpg,/j9eOeLlTGoHoM8BNUJVNyWmIvCi.jpg,TMDB_SEARCH,REVIEW,TMDB ID was not supplied in the import file; manual confirmation required.
Away From Her,Fandango,NEW_TMDB,,,,No reliable existing catalog match; fetch TMDB and create a new record.,1919,Away from Her,Away from Her,2007,2007-05-04,"Fiona and Grant have been married for nearly 50 years. They have to face the fact that Fiona’s absent-mindedness is a symptom of Alzheimer’s disease. She must go to a specialized nursing home, where she slowly forgets Grant and turns her affection to Aubrey, another patient in the home.",/oyPE6i9sylR1UhTPFmniOHcQpKb.jpg,/zA9G3qYEyGMK1vu9G0s8cwYpFQA.jpg,TMDB_SEARCH,REVIEW,TMDB ID was not supplied in the import file; manual confirmation required.
Bad Boys: Ride or Die,Fandango | Movies Anywhere,NEW_TMDB,,,,No reliable existing catalog match; fetch TMDB and create a new record.,573435,Bad Boys: Ride or Die,Bad Boys: Ride or Die,2024,2024-06-05,"After their late former Captain is framed, Lowrey and Burnett try to clear his name, only to end up on the run themselves.",/oGythE98MYleE6mZlGs5oBGkux1.jpg,/3q01ACG0MWm0DekhvkPFCXyPZSu.jpg,TMDB_SEARCH,REVIEW,TMDB ID was not supplied in the import file; manual confirmation required.
Bad Santa 2 Unrated,Prime,NEW_TMDB,,,,No reliable existing catalog match; fetch TMDB and create a new record.,338964,Bad Santa 2,Bad Santa 2,2016,2016-11-23,"Fueled by cheap whiskey, greed and hatred, Willie Soke teams up with his angry little sidekick, Marcus, to knock off a Chicago charity on Christmas Eve. Along for the ride is chubby and cheery Thurman Merman, a 250-pound ray of sunshine who brings out Willie's sliver of humanity. Issues arise when the pair are joined by Willie's horror story of a mother, who raises the bar for the gang's ambitions, while somehow lowering the standards of criminal behavior.",/xmsEwpA2fSq6IO3sfKrLuIPLHSc.jpg,/lj7enxOyRXazcCIFJyCn9dLuF2V.jpg,TMDB_SEARCH,REVIEW,TMDB ID was not supplied in the import file; manual confirmation required.
Bad Times at The El Royale,Fandango | Movies Anywhere,NEW_TMDB,,,,No reliable existing catalog match; fetch TMDB and create a new record.,446021,Bad Times at the El Royale,Bad Times at the El Royale,2018,2018-10-04,"Lake Tahoe, 1969. Seven strangers, each one with a secret to bury, meet at El Royale, a decadent motel with a dark past. In the course of a fateful night, everyone will have one last shot at redemption.",/qExufIc4Rw0e4xdVZlhMdmEDGES.jpg,/gb3TVVZNNxVGNfS1NxGaiWZfwnW.jpg,TMDB_SEARCH,REVIEW,TMDB ID was not supplied in the import file; manual confirmation required.
Ballerina: From the World of John Wick,Fandango | Movies Anywhere,NEW_TMDB,,,,No reliable existing catalog match; fetch TMDB and create a new record.,541671,Ballerina,Ballerina,2025,2025-06-04,"Taking place during the events of John Wick: Chapter 3 – Parabellum, Eve Macarro begins her training in the assassin traditions of the Ruska Roma.",/2VUmvqsHb6cEtdfscEA6fqqVzLg.jpg,/sItIskd5xpiE64bBWYwZintkGf3.jpg,TMDB_SEARCH,REVIEW,TMDB ID was not supplied in the import file; manual confirmation required.
Barbie,Fandango | Movies Anywhere,NEW_TMDB,,,,No reliable existing catalog match; fetch TMDB and create a new record.,346698,Barbie,Barbie,2023,2023-07-19,"Barbie and Ken are having the time of their lives in the colorful and seemingly perfect world of Barbie Land. However, when they get a chance to go to the real world, they soon discover the joys and perils of living among humans.",/iuFNMS8U5cb6xfzi51Dbkovj7vM.jpg,/1esAE8sLJRWWFsLLeh5r3g2WanI.jpg,TMDB_SEARCH,REVIEW,TMDB ID was not supplied in the import file; manual confirmation required.
Barry Lyndon,Fandango | Movies Anywhere,NEW_TMDB,,,,No reliable existing catalog match; fetch TMDB and create a new record.,3175,Barry Lyndon,Barry Lyndon,1975,1975-12-16,"An Irish rogue uses his cunning and wit to work his way up the social classes of 18th century England, transforming himself from the humble Redmond Barry into the noble Barry Lyndon.",/znfLskGQnXYB2xcOGM9eInRHPAV.jpg,/ef6SvWbSfCFlKodJZqpIaTvsRRP.jpg,TMDB_SEARCH,REVIEW,TMDB ID was not supplied in the import file; manual confirmation required.
Basic Instinct,Prime,NEW_TMDB,,,,No reliable existing catalog match; fetch TMDB and create a new record.,402,Basic Instinct,Basic Instinct,1992,1992-03-20,"Catherine, a novelist with an insatiable sexual appetite, becomes a prime suspect when her boyfriend is brutally murdered -- a crime she had described in her latest story.",/76Ts0yoHk8kVQj9MMnoMixhRWoh.jpg,/7FRraud59N3s10bbf9bfYjvwx3v.jpg,TMDB_SEARCH,REVIEW,TMDB ID was not supplied in the import file; manual confirmation required.
Batman & Mr. Freeze: Sub-Zero,Fandango | Movies Anywhere,NEW_TMDB,,,,No reliable existing catalog match; fetch TMDB and create a new record.,15805,Batman & Mr. Freeze: SubZero,Batman & Mr. Freeze: SubZero,1998,1998-02-11,"When Mr. Freeze kidnaps Barbara Gordon, as an involuntary organ donor to save his dying wife, Batman and Robin must find her before the operation can begin.",/kjjz8mVNrwNUa9uz8IMnqS79rxj.jpg,/wngCzx8xEh8qgvQf8JZih1zHjnj.jpg,TMDB_SEARCH,REVIEW,TMDB ID was not supplied in the import file; manual confirmation required.
Batman: Mask of the Phantasm,Fandango | Movies Anywhere,NEW_TMDB,,,,No reliable existing catalog match; fetch TMDB and create a new record.,14919,Batman: Mask of the Phantasm,Batman: Mask of the Phantasm,1993,1993-12-25,"Andrea Beaumont leaves her father to return to Gotham, rekindling an old romance with Bruce Wayne. At the same time, a mysterious figure begins to hunt down Gotham's criminals, wrongly implicating Batman in the murders. Now on the run from the law, Batman must find and stop the culprit, while also navigating his relationship with Andrea.",/hT4ehUteagUrhUOHAtmYiY7mp5l.jpg,/cMUuAgVsMWOCawXonZ4D1dSMd6h.jpg,TMDB_SEARCH,REVIEW,TMDB ID was not supplied in the import file; manual confirmation required.
Behind Enemy Lines,Fandango | Movies Anywhere,NEW_TMDB,,,,No reliable existing catalog match; fetch TMDB and create a new record.,8007,Behind Enemy Lines,Behind Enemy Lines,2001,2001-11-30,"While flying a routine reconnaissance mission over Bosnia, fighter pilot Lt. Chris Burnett photographs something he wasn't supposed to see and gets shot down behind enemy lines, where he must outrun an army led by a ruthless Serbian general. With time running out and a deadly tracker on his trail, Burnett's commanding officer, Admiral Reigart, decides to risk his career and launch a renegade rescue mission to save his life.",/fZReMWU3zszvaktDUqOoWCzHssZ.jpg,/lEdy2A62qCwJPffMLVyByRxUpfd.jpg,TMDB_SEARCH,REVIEW,TMDB ID was not supplied in the import file; manual confirmation required.
Being John Malkovich,Fandango | Movies Anywhere,NEW_TMDB,,,,No reliable existing catalog match; fetch TMDB and create a new record.,492,Being John Malkovich,Being John Malkovich,1999,1999-10-29,"One day at work, unsuccessful puppeteer Craig finds a portal into the head of actor John Malkovich. The portal soon becomes a passion for anybody who enters its mad and controlling world of overtaking another human body.",/31FGQu3OnwdmS4COquENe0vMZc0.jpg,/1Nyjb7aeRKynWgmOl8he5ZcvWLm.jpg,TMDB_SEARCH,REVIEW,TMDB ID was not supplied in the import file; manual confirmation required.
Big Hero 6,Fandango | Movies Anywhere,NEW_TMDB,,,,No reliable existing catalog match; fetch TMDB and create a new record.,177572,Big Hero 6,Big Hero 6,2014,2014-10-24,"A special bond develops between plus-sized inflatable robot Baymax, and prodigy Hiro Hamada, who team up with a group of friends to form a band of high-tech heroes.",/2mxS4wUimwlLmI1xp6QW6NSU361.jpg,/4s2d3xdyqotiVNHTlTlJjrr3q0H.jpg,TMDB_SEARCH,REVIEW,TMDB ID was not supplied in the import file; manual confirmation required.
Big Trouble In Little China,Fandango | Movies Anywhere,NEW_TMDB,,,,No reliable existing catalog match; fetch TMDB and create a new record.,6978,Big Trouble in Little China,Big Trouble in Little China,1986,1986-05-30,"Truck driver Jack Burton gets embroiled in a supernatural battle when his best friend Wang Chi's green-eyed fiancée is kidnapped by henchmen of the sorcerer Lo Pan, who must marry a girl with green eyes in order to return to the human realm.",/gI2Qs1yTTj3NcESJyttCkbmJ4k9.jpg,/mAxA5ltgqNXLXlm7PO5XrWSo9U1.jpg,TMDB_SEARCH,REVIEW,TMDB ID was not supplied in the import file; manual confirmation required.
Bill & Ted Face the Music,Fandango,NEW_TMDB,,,,No reliable existing catalog match; fetch TMDB and create a new record.,501979,Bill & Ted Face the Music,Bill & Ted Face the Music,2020,2020-08-27,"Yet to fulfill their rock and roll destiny, the stakes are higher than ever for the now middle-aged Bill and Ted who set out on a new adventure when a visitor from the future warns them that only their song can save life as we know it.",/4V2nTPfeB59TcqJcUfQ9ziTi7VN.jpg,/ceVaixg5VUfx8j0N81FT0hRayRm.jpg,TMDB_SEARCH,REVIEW,TMDB ID was not supplied in the import file; manual confirmation required.
Bill and Ted's Bogus Journey,Fandango,NEW_TMDB,,,,No reliable existing catalog match; fetch TMDB and create a new record.,1649,Bill & Ted's Bogus Journey,Bill & Ted's Bogus Journey,1991,1991-07-19,"Amiable slackers Bill and Ted are once again roped into a fantastical adventure when De Nomolos, a villain from the future, sends evil robot duplicates of the two lads to terminate and replace them. The robot doubles actually succeed in killing Bill and Ted, but the two are determined to escape the afterlife, challenging the Grim Reaper to a series of games in order to return to the land of the living.",/tldtDfLnPFOtTWp758EmIP2Hbz5.jpg,/4PMSgLOzPFgyzARQBhhX4vS9oOW.jpg,TMDB_SEARCH,REVIEW,TMDB ID was not supplied in the import file; manual confirmation required.
Bill and Ted's Excellent Adventure,Fandango,NEW_TMDB,,,,No reliable existing catalog match; fetch TMDB and create a new record.,1648,Bill & Ted's Excellent Adventure,Bill & Ted's Excellent Adventure,1989,1989-02-17,"Two rock-'n-rolling teens, on the verge of failing their class, set out on a quest to make the ultimate school history report after being presented with a time machine.",/tV25lGWGWGEqUe3U0xjQTBgilSx.jpg,/aMASmAmkn7NT0nEq8PBZEgwBfGN.jpg,TMDB_SEARCH,REVIEW,TMDB ID was not supplied in the import file; manual confirmation required.
Birds Of Prey And The Fantabulous Emancipation Of One Harley Quinn,Fandango | Movies Anywhere,NEW_TMDB,,,,No reliable existing catalog match; fetch TMDB and create a new record.,495764,Birds of Prey (and the Fantabulous Emancipation of One Harley Quinn),Birds of Prey (and the Fantabulous Emancipation of One Harley Quinn),2020,2020-02-05,"Harley Quinn joins forces with a singer, an assassin and a police detective to help a young girl who had a hit placed on her after she stole a rare diamond from a crime lord.",/h4VB6m0RwcicVEZvzftYZyKXs6K.jpg,/uozb2VeD87YmhoUP1RrGWfzuCrr.jpg,TMDB_SEARCH,REVIEW,TMDB ID was not supplied in the import file; manual confirmation required.
Blade Runner 2049,Fandango | Movies Anywhere,NEW_TMDB,,,,No reliable existing catalog match; fetch TMDB and create a new record.,335984,Blade Runner 2049,Blade Runner 2049,2017,2017-10-04,"Thirty years after the events of the first film, a new blade runner, LAPD Officer K, unearths a long-buried secret that has the potential to plunge what's left of society into chaos. K's discovery leads him on a quest to find Rick Deckard, a former LAPD blade runner who has been missing for 30 years.",/gajva2L0rPYkEWjzgFlBXCAVBE5.jpg,/gNdLJU9TxrpGx4dkZidjys3fyy0.jpg,TMDB_SEARCH,REVIEW,TMDB ID was not supplied in the import file; manual confirmation required.
Boogie Nights,Fandango | Movies Anywhere,NEW_TMDB,,,,No reliable existing catalog match; fetch TMDB and create a new record.,4995,Boogie Nights,Boogie Nights,1997,1997-10-07,"In 1977, an idealistic porn producer and his promising protege try to catch up with the end of an era before their never-ending party collides with cold, hard reality.",/2hVSN9yOfoI8EUTqcVW6zCIyQ1G.jpg,/ArpTzQZHWh4UVsgUvV6S7WjTq1n.jpg,TMDB_SEARCH,REVIEW,TMDB ID was not supplied in the import file; manual confirmation required.
Carrie (1976),Prime,NEW_TMDB,,,,No reliable existing catalog match; fetch TMDB and create a new record.,,,,,,,,,NO_RESULT,REVIEW,No TMDB result found.
Catch Me if You Can,Fandango,NEW_TMDB,,,,No reliable existing catalog match; fetch TMDB and create a new record.,640,Catch Me If You Can,Catch Me If You Can,2002,2002-12-16,"A true story about Frank Abagnale Jr. who, before his 19th birthday, successfully conned millions of dollars worth of checks as a Pan Am pilot, doctor, and legal prosecutor. An FBI agent makes it his mission to put him behind bars. But Frank not only eludes capture, he revels in the pursuit.",/ctjEj2xM32OvBXCq8zAdK3ZrsAj.jpg,/sfW8gtA6Bz2F4zK1FoCKbMqTF8Z.jpg,TMDB_SEARCH,REVIEW,TMDB ID was not supplied in the import file; manual confirmation required.
Chicago,Prime,NEW_TMDB,,,,No reliable existing catalog match; fetch TMDB and create a new record.,1574,Chicago,Chicago,2002,2002-12-10,Murderesses Velma Kelly and Roxie Hart find themselves on death row together and fight for the fame that will keep them from the gallows in 1920s Chicago.,/3ED8cWCXY9zkx77Sd0N5qMbsdDP.jpg,/euxYhuuJjChU755u2YHj0ZPjww3.jpg,TMDB_SEARCH,REVIEW,TMDB ID was not supplied in the import file; manual confirmation required.
Christmas in Connecticut,Fandango | Movies Anywhere,NEW_TMDB,,,,No reliable existing catalog match; fetch TMDB and create a new record.,13669,Christmas in Connecticut,Christmas in Connecticut,1945,1945-07-27,"While recovering in a hospital, war hero Jefferson Jones grows familiar with the ""Diary of a Housewife"" column written by Elizabeth Lane. Jeff's nurse arranges with Elizabeth's publisher, Alexander Yardley, for Jeff to spend the holiday at Elizabeth's bucolic Connecticut farm with her husband and child. But the column is a sham, so Elizabeth and her editor, Dudley Beecham, in fear of losing their jobs, hasten to set up the single, childless and entirely  nondomestic Elizabeth on a country farm.",/oH1hM9wOZZflPZ5smKqWXvLXcyX.jpg,/2TBfuHBQtPjWf3DxJ4Lj8S6xbDJ.jpg,TMDB_SEARCH,REVIEW,TMDB ID was not supplied in the import file; manual confirmation required.
Clerks III,Fandango,NEW_TMDB,,,,No reliable existing catalog match; fetch TMDB and create a new record.,635891,Clerks III,Clerks III,2022,2022-09-04,"After narrowly surviving a massive heart attack, Randal enlists his old friend Dante to help him make a movie immortalizing their youthful days at the little convenience store that started it all.",/apzIqZIQLc8fNx5nbbcSSfPFtax.jpg,/1IGi6NEwuJAHU29RQfF2WrpxWZL.jpg,TMDB_SEARCH,REVIEW,TMDB ID was not supplied in the import file; manual confirmation required.
Clue,Prime,NEW_TMDB,,,,No reliable existing catalog match; fetch TMDB and create a new record.,15196,Clue,Clue,1985,1985-12-13,"Clue finds six colorful dinner guests gathered at the mansion of their host, Mr. Boddy -- who turns up dead after his secret is exposed: He was blackmailing all of them. With the killer among them, the guests and Boddy's chatty butler must suss out the culprit before the body count rises.",/aRxbYOYHS8T73nzR8hsLousoplR.jpg,/rsclb1vtH6IkxmVBuCC37biEBT.jpg,TMDB_SEARCH,REVIEW,TMDB ID was not supplied in the import file; manual confirmation required.
Cold Pursuit,Fandango | Movies Anywhere,NEW_TMDB,,,,No reliable existing catalog match; fetch TMDB and create a new record.,438650,Cold Pursuit,Cold Pursuit,2019,2019-02-07,"The quiet family life of Nels Coxman, a snowplow driver, is upended after his son's murder. Nels begins a vengeful hunt for Viking, the drug lord he holds responsible for the killing, eliminating Viking's associates one by one. As Nels draws closer to Viking, his actions bring even more unexpected and violent consequences, as he proves that revenge is all in the execution.",/5RILVnOchQyL1LbcVzmabipdJfc.jpg,/aiM3XxYE2JvW1vJ4AC6cI1RjAoT.jpg,TMDB_SEARCH,REVIEW,TMDB ID was not supplied in the import file; manual confirmation required.
Conan The Barbarian,Fandango | Movies Anywhere,NEW_TMDB,,,,No reliable existing catalog match; fetch TMDB and create a new record.,9387,Conan the Barbarian,Conan the Barbarian,1982,1982-03-16,"A horde of rampaging warriors massacre the parents of young Conan and enslave the young child for years on The Wheel of Pain. As the sole survivor of the childhood massacre, Conan is released from slavery and taught the ancient arts of fighting. Transforming himself into a killing machine, Conan travels into the wilderness to seek vengeance on Thulsa Doom, the man responsible for killing his family. In the wilderness, Conan takes up with the thieves Valeria and Subotai. The group comes upon King Osric, who wants the trio of warriors to help rescue his daughter who has joined Doom in the hills.",/qw2A587Ee61IwcSOLNFRhuOACZZ.jpg,/fNp2ikvY8WZTyVbK1iXW84RLbO5.jpg,TMDB_SEARCH,REVIEW,TMDB ID was not supplied in the import file; manual confirmation required.
Cowboys & Aliens,Fandango | Movies Anywhere,NEW_TMDB,,,,No reliable existing catalog match; fetch TMDB and create a new record.,49849,Cowboys & Aliens,Cowboys & Aliens,2011,2011-07-29,"A stranger stumbles into the desert town of Absolution with no memory of his past and a futuristic shackle around his wrist. With the help of mysterious beauty Ella and the iron-fisted Colonel Dolarhyde, he finds himself leading an unlikely posse of cowboys, outlaws, and Apache warriors against a common enemy from beyond this world in an epic showdown for survival.",/9uZsGCP4rvOHVGCpMpYq5gNCuNI.jpg,/sGXCYMzr1sCnGNVuRpB2TOWPWDA.jpg,TMDB_SEARCH,REVIEW,TMDB ID was not supplied in the import file; manual confirmation required.
"Crazy, Stupid, Love",Fandango | Movies Anywhere,NEW_TMDB,,,,No reliable existing catalog match; fetch TMDB and create a new record.,50646,"Crazy, Stupid, Love.","Crazy, Stupid, Love.",2011,2011-07-29,"Cal Weaver is living the American dream. He has a good job, a beautiful house, great children and a beautiful wife, named Emily. Cal's seemingly perfect life unravels, however, when he learns that Emily has been unfaithful and wants a divorce. Over 40 and suddenly single, Cal is adrift in the fickle world of dating. Enter, Jacob Palmer, a self-styled player who takes Cal under his wing and teaches him how to be a hit with the ladies.",/p4RafgAPk558muOjnBMHhMArjS2.jpg,/vyrCniZsrXZAW08eECKIp1BMLPh.jpg,TMDB_SEARCH,REVIEW,TMDB ID was not supplied in the import file; manual confirmation required.
Daylight,Fandango | Movies Anywhere,NEW_TMDB,,,,No reliable existing catalog match; fetch TMDB and create a new record.,11228,Daylight,Daylight,1996,1996-12-06,A group of armed robbers fleeing the police head for the New Jersey Tunnel and run right into trucks transporting toxic waste. The spectacular explosion that follows results in both ends of the tunnel collapsing and the handful of people who survived the explosion are now in peril. Kit Latura is the only man with the skill and knowledge to lead the band of survivors out of the tunnel before the structure collapses.,/bRWNxtm3q0QvIIM52uQqRIEvpl2.jpg,/uK4mks9XqF0LGinouk7BQvqZiR1.jpg,TMDB_SEARCH,REVIEW,TMDB ID was not supplied in the import file; manual confirmation required.
Dear Santa,Fandango,NEW_TMDB,,,,No reliable existing catalog match; fetch TMDB and create a new record.,1097870,Dear Santa,Dear Santa,2024,2024-11-24,"Likeable 6th grader Liam writes to Santa asking him to prove that he's real. But Liam is dyslexic and accidentally sends his letter to Satan instead, who shows up at Liam's house, excited to have his first fanboy letter and wanting a little of Liam's soul.",/fRbDHbGBXg6kwQYr3CRYeKPJW5q.jpg,/yYQDu8yX2zZaCa1hUWD24jq3JRu.jpg,TMDB_SEARCH,REVIEW,TMDB ID was not supplied in the import file; manual confirmation required.
Death Becomes Her,Fandango | Movies Anywhere,NEW_TMDB,,,,No reliable existing catalog match; fetch TMDB and create a new record.,9374,Death Becomes Her,Death Becomes Her,1992,1992-07-30,"Madeline is married to Ernest, who was once her arch-rival Helen's fiancé. After recovering from a mental breakdown, Helen vows to kill Madeline and steal back Ernest. Unfortunately for everyone, the introduction of a magic potion causes things to be a great deal more complicated than a mere murder plot.",/kkWxyyyWFK5KNk9WVwQuGEC9H9H.jpg,/vDFhaKEMKPIUePtQH2nOwSHfgPy.jpg,TMDB_SEARCH,REVIEW,TMDB ID was not supplied in the import file; manual confirmation required.
Death Race 2,Fandango | Movies Anywhere,NEW_TMDB,,,,No reliable existing catalog match; fetch TMDB and create a new record.,51620,Death Race 2,Death Race 2,2010,2010-11-12,"In the world's most dangerous prison, a new game is born: Death Race. The rules of this adrenaline-fueled blood sport are simple, drive or die. When repentant convict Carl Lucas discovers there's a price on his head, his only hope is to survive a twisted race against an army of hardened criminals and tricked-out cars.",/80mBFNVvak2bA9TJN1MD0yM7Lfi.jpg,/3hnTZNtn17IGQlgZSvOC8v0hW2b.jpg,TMDB_SEARCH,REVIEW,TMDB ID was not supplied in the import file; manual confirmation required.
Divergent,Fandango | Movies Anywhere,NEW_TMDB,,,,No reliable existing catalog match; fetch TMDB and create a new record.,157350,Divergent,Divergent,2014,2014-03-14,"In a world divided into factions based on personality types, Tris learns that she's been classified as Divergent and won't fit in. When she discovers a plot to destroy Divergents, Tris and the mysterious Four must find out what makes Divergents dangerous before it's too late.",/aNh4Q3iuPKDMPi2SL7GgOpiLukX.jpg,/bgkFOoXEQMRjKkCvgoj7smdGbuh.jpg,TMDB_SEARCH,REVIEW,TMDB ID was not supplied in the import file; manual confirmation required.
Dogma,Fandango | Movies Anywhere,NEW_TMDB,,,,No reliable existing catalog match; fetch TMDB and create a new record.,1832,Dogma,Dogma,1999,1999-10-04,An abortion clinic worker with a special heritage is called upon to save the existence of humanity from being negated by two renegade angels trying to exploit a loophole and re-enter Heaven.,/oxhHl2YokTqcP44QK5tiTgjgLgk.jpg,/nljRWpjfmqh5qYxcblFoazU5eYY.jpg,TMDB_SEARCH,REVIEW,TMDB ID was not supplied in the import file; manual confirmation required.
Dr. Seuss' The Lorax,Fandango | Movies Anywhere,NEW_TMDB,,,,No reliable existing catalog match; fetch TMDB and create a new record.,73723,The Lorax,The Lorax,2012,2012-03-01,"A 12-year-old boy searches for the one thing that will enable him to win the affection of the girl of his dreams. To find it he must discover the story of the Lorax, the grumpy yet charming creature who fights to protect his world.",/tePFnZFw5JvjwjQjaKkqDPNMLPU.jpg,/71FjlP0qZPc1iymcHf8u5vXfH50.jpg,TMDB_SEARCH,REVIEW,TMDB ID was not supplied in the import file; manual confirmation required.
Dungeons & Dragons: Honor Among Thieves,Prime,NEW_TMDB,,,,No reliable existing catalog match; fetch TMDB and create a new record.,493529,Dungeons & Dragons: Honor Among Thieves,Dungeons & Dragons: Honor Among Thieves,2023,2023-03-23,"A charming thief and a band of unlikely adventurers undertake an epic heist to retrieve a lost relic, but things go dangerously awry when they run afoul of the wrong people.",/v7UF7ypAqjsFZFdjksjQ7IUpXdn.jpg,/AdBXP8e6K3FYdDrMx3Wr6WZqCYF.jpg,TMDB_SEARCH,REVIEW,TMDB ID was not supplied in the import file; manual confirmation required.
Easy A,Fandango | Movies Anywhere,NEW_TMDB,,,,No reliable existing catalog match; fetch TMDB and create a new record.,37735,Easy A,Easy A,2010,2010-09-16,"Olive, an average high school student, sees her below-the-radar existence turn around overnight once she decides to use the school's gossip grapevine to advance her social standing. Now her classmates are turning against her and the school board is becoming concerned, including her favorite teacher and the distracted guidance counselor. With the support of her hilariously idiosyncratic parents and a little help from a long-time crush, Olive attempts to take on her notorious new identity and crush the rumor mill once and for all.",/v5f1qO6NJnxWgONgkYg21TW39DT.jpg,/30rvmoEBqovm723agDJ3QddWXcY.jpg,TMDB_SEARCH,REVIEW,TMDB ID was not supplied in the import file; manual confirmation required.
Eraser,Fandango | Movies Anywhere,NEW_TMDB,,,,No reliable existing catalog match; fetch TMDB and create a new record.,9268,Eraser,Eraser,1996,1996-06-21,"John ""The Eraser"" Kruger is the top gun in the US Marshall Witness Protection Program; he protects witnesses by erasing their pasts. His latest assignment is whistle-blower Dr. Lee Cullen, who has evidence that her employer, a major arms corporation, is entangled in a conspiracy involving a high-tech railgun, but there is danger lurking closer to home for Kruger, from within his own department.",/uu2gBpFElDfxTI6BI9bT4pZ4kvw.jpg,/8n6ZCFJWwK7UiX7NYuIEvHLRPYG.jpg,TMDB_SEARCH,REVIEW,TMDB ID was not supplied in the import file; manual confirmation required.
Escape Plan,Fandango | Movies Anywhere,NEW_TMDB,,,,No reliable existing catalog match; fetch TMDB and create a new record.,107846,Escape Plan,Escape Plan,2013,2013-10-09,"Ray Breslin is the world's foremost authority on structural security. After analyzing every high security prison and learning a vast array of survival skills so he can design escape-proof prisons, his skills are put to the test. He's framed and incarcerated in a master prison he designed himself. He needs to escape and find the person who put him behind bars.",/qOZPLflxDqKogu9v9hYw3lolxGs.jpg,/ix9WYBqQ2xSZCgyeQ1vVdrbaFa4.jpg,TMDB_SEARCH,REVIEW,TMDB ID was not supplied in the import file; manual confirmation required.
Eyes Wide Shut,Fandango | Movies Anywhere,NEW_TMDB,,,,No reliable existing catalog match; fetch TMDB and create a new record.,345,Eyes Wide Shut,Eyes Wide Shut,1999,1999-07-16,"After Dr. Bill Harford's wife, Alice, admits to having sexual fantasies about a man she met, Bill becomes obsessed with having a sexual encounter. He discovers an underground sexual group and attends one of their meetings -- and quickly discovers that he is in over his head.",/knEIz1eNGl5MQDbrEAVWA7iRqF9.jpg,/aC6wW62V6b0csr5iUnbOjYAqfhg.jpg,TMDB_SEARCH,REVIEW,TMDB ID was not supplied in the import file; manual confirmation required.
F9 The Fast Saga,Fandango | Movies Anywhere,NEW_TMDB,,,,No reliable existing catalog match; fetch TMDB and create a new record.,385128,F9,F9,2021,2021-05-19,Dominic Toretto and his crew battle the most skilled assassin and high-performance driver they've ever encountered: his forsaken brother.,/deEmLILTPejEb6OGsXRJ5MCvyDW.jpg,/xXHZeb1yhJvnSHPzZDqee0zfMb6.jpg,TMDB_SEARCH,REVIEW,TMDB ID was not supplied in the import file; manual confirmation required.
F9 The Fast Saga: The Director's Cut,Fandango,NEW_TMDB,,,,No reliable existing catalog match; fetch TMDB and create a new record.,385128,F9,F9,2021,2021-05-19,Dominic Toretto and his crew battle the most skilled assassin and high-performance driver they've ever encountered: his forsaken brother.,/deEmLILTPejEb6OGsXRJ5MCvyDW.jpg,/xXHZeb1yhJvnSHPzZDqee0zfMb6.jpg,TMDB_SEARCH,REVIEW,TMDB ID was not supplied in the import file; manual confirmation required.
Family Plot,Fandango | Movies Anywhere,NEW_TMDB,,,,No reliable existing catalog match; fetch TMDB and create a new record.,5854,Family Plot,Family Plot,1976,1976-04-09,Spiritualist Blanche Tyler and her cab-driving boyfriend encounter a pair of serial kidnappers while trailing a missing heir in California.,/oQ9QbyBuIM2uYaheSKjs2x1xIQV.jpg,/gc3eJlBJQfYHRkCko3BBZEtcbPd.jpg,TMDB_SEARCH,REVIEW,TMDB ID was not supplied in the import file; manual confirmation required.
Fantastic Beasts and Where to Find Them,Fandango | Movies Anywhere,NEW_TMDB,,,,No reliable existing catalog match; fetch TMDB and create a new record.,259316,Fantastic Beasts and Where to Find Them,Fantastic Beasts and Where to Find Them,2016,2016-11-16,"In 1926, Newt Scamander arrives at the Magical Congress of the United States of America with a magically expanded briefcase, which houses a number of dangerous creatures and their habitats. When the creatures escape from the briefcase, it sends the American wizarding authorities after Newt, and threatens to strain even further the state of magical and non-magical relations.",/fLsaFKExQt05yqjoAvKsmOMYvJR.jpg,/8Qsr8pvDL3s1jNZQ4HK1d1Xlvnh.jpg,TMDB_SEARCH,REVIEW,TMDB ID was not supplied in the import file; manual confirmation required.
Fantastic Beasts: The Crimes Of Grindelwald,Fandango | Movies Anywhere,NEW_TMDB,,,,No reliable existing catalog match; fetch TMDB and create a new record.,338952,Fantastic Beasts: The Crimes of Grindelwald,Fantastic Beasts: The Crimes of Grindelwald,2018,2018-11-14,"Gellert Grindelwald has escaped imprisonment and has begun gathering followers to his cause—elevating wizards above all non-magical beings. The only one capable of putting a stop to him is the wizard he once called his closest friend, Albus Dumbledore. However, Dumbledore will need to seek help from the wizard who had thwarted Grindelwald once before, his former student Newt Scamander, who agrees to help, unaware of the dangers that lie ahead. Lines are drawn as love and loyalty are tested, even among the truest friends and family, in an increasingly divided wizarding world.",/fMMrl8fD9gRCFJvsx0SuFwkEOop.jpg,/i3rRY0EKYhSpyOLRAQ7iB05zhAp.jpg,TMDB_SEARCH,REVIEW,TMDB ID was not supplied in the import file; manual confirmation required.
Fast & Furious,Fandango | Movies Anywhere,NEW_TMDB,,,,No reliable existing catalog match; fetch TMDB and create a new record.,384018,Fast & Furious Presents: Hobbs & Shaw,Fast & Furious Presents: Hobbs & Shaw,2019,2019-07-31,"Ever since US Diplomatic Security Service Agent Hobbs and lawless outcast Shaw first faced off, they just have traded smack talk and body blows. But when cyber-genetically enhanced anarchist Brixton's ruthless actions threaten the future of humanity, they join forces to defeat him.",/qRyy2UmjC5ur9bDi3kpNNRCc5nc.jpg,/hpgda6P9GutvdkDX5MUJ92QG9aj.jpg,TMDB_SEARCH,REVIEW,TMDB ID was not supplied in the import file; manual confirmation required.
Fast & Furious Presents: Hobbs & Shaw,Fandango | Movies Anywhere,NEW_TMDB,,,,No reliable existing catalog match; fetch TMDB and create a new record.,384018,Fast & Furious Presents: Hobbs & Shaw,Fast & Furious Presents: Hobbs & Shaw,2019,2019-07-31,"Ever since US Diplomatic Security Service Agent Hobbs and lawless outcast Shaw first faced off, they just have traded smack talk and body blows. But when cyber-genetically enhanced anarchist Brixton's ruthless actions threaten the future of humanity, they join forces to defeat him.",/qRyy2UmjC5ur9bDi3kpNNRCc5nc.jpg,/hpgda6P9GutvdkDX5MUJ92QG9aj.jpg,TMDB_SEARCH,REVIEW,TMDB ID was not supplied in the import file; manual confirmation required.
Fast Five,Fandango | Movies Anywhere,NEW_TMDB,,,,No reliable existing catalog match; fetch TMDB and create a new record.,51497,Fast Five,Fast Five,2011,2011-04-20,"Former cop Brian O'Conner partners with ex-con Dom Toretto on the opposite side of the law. Since Brian and Mia Toretto broke Dom out of custody, they've blown across many borders to elude authorities. Now backed into a corner in Rio de Janeiro, they must pull one last job in order to gain their freedom.",/gEfQjjQwY7fh5bI4GlG0RrBu7Pz.jpg,/c1Q8jLoaruQ9m5lCrVlXOaJJtu7.jpg,TMDB_SEARCH,REVIEW,TMDB ID was not supplied in the import file; manual confirmation required.
Fast X,Fandango | Movies Anywhere,NEW_TMDB,,,,No reliable existing catalog match; fetch TMDB and create a new record.,385687,Fast X,Fast X,2023,2023-05-17,"Over many missions and against impossible odds, Dom Toretto and his family have outsmarted, out-nerved and outdriven every foe in their path. Now, they confront the most lethal opponent they've ever faced: A terrifying threat emerging from the shadows of the past who's fueled by blood revenge, and who is determined to shatter this family and destroy everything—and everyone—that Dom loves, forever.",/fiVW06jE7z9YnO4trhaMEdclSiC.jpg,/4XM8DUTQb3lhLemJC51Jx4a2EuA.jpg,TMDB_SEARCH,REVIEW,TMDB ID was not supplied in the import file; manual confirmation required.
Father Goose,Fandango,NEW_TMDB,,,,No reliable existing catalog match; fetch TMDB and create a new record.,30295,Father Goose,Father Goose,1964,1964-12-10,"During World War II, South Sea beachcomber Walter Eckland is persuaded to spy on planes passing over his island. He gets more than he bargained for as schoolteacher Catherine Frenau arrives on the run from the Japanese with her pupils in tow!",/Tp4vSQef0qsI78M90SsZZLJzPE.jpg,/qxfuWn03LIk8FFT85gIoFQmPB3.jpg,TMDB_SEARCH,REVIEW,TMDB ID was not supplied in the import file; manual confirmation required.
Final Destination 3,Fandango | Movies Anywhere,NEW_TMDB,,,,No reliable existing catalog match; fetch TMDB and create a new record.,9286,Final Destination 3,Final Destination 3,2006,2006-02-09,"High school senior Wendy's premonition of a deadly rollercoaster ride saves her life and a lucky few, but not from death itself — which seeks out those who escaped their fate.",/p7ARuNKUGPGvkBiDtIDvAzYzonX.jpg,/nSV1NIAK0Sp5dM1oiobtqbJ8Jrv.jpg,TMDB_SEARCH,REVIEW,TMDB ID was not supplied in the import file; manual confirmation required.
Final Destination 5,Fandango | Movies Anywhere,NEW_TMDB,,,,No reliable existing catalog match; fetch TMDB and create a new record.,55779,Final Destination 5,Final Destination 5,2011,2011-08-12,"Death is just as omnipresent as ever, and is unleashed after one man’s premonition saves a group of coworkers from a terrifying suspension bridge collapse. But this group of unsuspecting souls was never supposed to survive, and, in a terrifying race against time, the ill-fated group frantically tries to discover a way to escape Death’s sinister agenda.",/Akx1Po4ZLetOWfYJhQf75tbhTtK.jpg,/5cG2XcylxUIclQsGPBKTtfoqcBV.jpg,TMDB_SEARCH,REVIEW,TMDB ID was not supplied in the import file; manual confirmation required.
For Love of the Game,Fandango | Movies Anywhere,NEW_TMDB,,,,No reliable existing catalog match; fetch TMDB and create a new record.,10390,For Love of the Game,For Love of the Game,1999,1999-09-17,"A baseball legend almost finished with his distinguished career at the age of forty has one last chance to prove who he is, what he is capable of, and win the heart of the woman he has loved for the past four years.",/vkeKxoSXE1qMArcFNTNBBH8TjKZ.jpg,/jYg7oXQUB3yW6WHYVXn5ltXfcpa.jpg,TMDB_SEARCH,REVIEW,TMDB ID was not supplied in the import file; manual confirmation required.
Friends With Benefits,Fandango | Movies Anywhere,NEW_TMDB,,,,No reliable existing catalog match; fetch TMDB and create a new record.,50544,Friends with Benefits,Friends with Benefits,2011,2011-07-21,Dylan is done with relationships. Jamie decides to stop buying into the Hollywood clichés of true love. When the two become friends they decide to try something new and take advantage of their mutual attraction - but without any emotional attachment.,/nKhhDFCdzxeJ3GUunQ570LDpUkz.jpg,/n19KqpP6iBwTQzE2DORnktbSdwa.jpg,TMDB_SEARCH,REVIEW,TMDB ID was not supplied in the import file; manual confirmation required.
Full Metal Jacket,Fandango | Movies Anywhere,NEW_TMDB,,,,No reliable existing catalog match; fetch TMDB and create a new record.,600,Full Metal Jacket,Full Metal Jacket,1987,1987-06-26,A pragmatic U.S. Marine observes the dehumanizing effects the U.S.-Vietnam War has on his fellow recruits from their brutal boot camp training to the bloody street fighting in Hue.,/kMKyx1k8hWWscYFnPbnxxN4Eqo4.jpg,/3k2TRmqMjgt7tcwkYwZQdctnty3.jpg,TMDB_SEARCH,REVIEW,TMDB ID was not supplied in the import file; manual confirmation required.
Furious 7,Fandango | Movies Anywhere,NEW_TMDB,,,,No reliable existing catalog match; fetch TMDB and create a new record.,168259,Furious 7,Furious 7,2015,2015-04-01,Deckard Shaw seeks revenge against Dominic Toretto and his family for his comatose brother.,/ktofZ9Htrjiy0P6LEowsDaxd3Ri.jpg,/ehzI1mVcnHqB58NqPyQwpMqcVoz.jpg,TMDB_SEARCH,REVIEW,TMDB ID was not supplied in the import file; manual confirmation required.
Ghost,Fandango,NEW_TMDB,,,,No reliable existing catalog match; fetch TMDB and create a new record.,251,Ghost,Ghost,1990,1990-07-13,"After a young man is murdered, his spirit stays behind to warn his lover of impending danger, with the help of a reluctant psychic.",/w9RaPHov8oM5cnzeE27isnFMsvS.jpg,/6nLdSON3ErniBZTXWG7WRqs5jGz.jpg,TMDB_SEARCH,REVIEW,TMDB ID was not supplied in the import file; manual confirmation required.
Ghostbusters (2016) Extended Edition,Movies Anywhere,NEW_TMDB,,,,No reliable existing catalog match; fetch TMDB and create a new record.,,,,,,,,,NO_RESULT,REVIEW,No TMDB result found.
Ghostbusters: Afterlife,Fandango | Movies Anywhere,NEW_TMDB,,,,No reliable existing catalog match; fetch TMDB and create a new record.,425909,Ghostbusters: Afterlife,Ghostbusters: Afterlife,2021,2021-11-18,"When single mom Callie and her two kids Trevor and Phoebe arrive in a small Oklahoma town, they begin to discover their connection to the original Ghostbusters and the secret legacy their grandfather left behind.",/sg4xJaufDiQl7caFEskBtQXfD4x.jpg,/EnDlndEvw6Ptpp8HIwmRcSSNKQ.jpg,TMDB_SEARCH,REVIEW,TMDB ID was not supplied in the import file; manual confirmation required.
Gladiator II,Prime,NEW_TMDB,,,,No reliable existing catalog match; fetch TMDB and create a new record.,558449,Gladiator II,Gladiator II,2024,2024-11-13,"Years after witnessing the death of the revered hero Maximus at the hands of his uncle, Lucius is forced to enter the Colosseum after his home is conquered by the tyrannical Emperors who now lead Rome with an iron fist. With rage in his heart and the future of the Empire at stake, Lucius must look to his past to find strength and honor to return the glory of Rome to its people.",/2cxhvwyEwRlysAmRH4iodkvo0z5.jpg,/tOqIwliWMovSIZ9DyvHcHI7p2im.jpg,TMDB_SEARCH,REVIEW,TMDB ID was not supplied in the import file; manual confirmation required.
Groundhog Day,Fandango | Movies Anywhere,NEW_TMDB,,,,No reliable existing catalog match; fetch TMDB and create a new record.,137,Groundhog Day,Groundhog Day,1993,1993-02-11,"A cynical TV weatherman, along with his idealistic producer and his sardonic cameraman, is sent to report on Groundhog Day in the small town of Punxsutawney, where he finds himself repeating the same day over and over.",/gCgt1WARPZaXnq523ySQEUKinCs.jpg,/4W6RYDNe4OByNryOCvJprrutm9h.jpg,TMDB_SEARCH,REVIEW,TMDB ID was not supplied in the import file; manual confirmation required.
Haul Out the Holly,Prime,NEW_TMDB,,,,No reliable existing catalog match; fetch TMDB and create a new record.,1028556,Haul Out the Holly,Haul Out the Holly,2022,2022-11-26,"Emily arrives home, hoping to visit her parents, only to discover that they are leaving on a trip of their own. As she stays at their house for the holidays, their HOA is determined to get Emily to participate in the neighborhood’s many Christmas festivities.",/naX9S52wyTpUJPR80FIWhgxzufb.jpg,/29qiSnPp8LN1vUomrMN3MMVwlUH.jpg,TMDB_SEARCH,REVIEW,TMDB ID was not supplied in the import file; manual confirmation required.
Haul Out the Holly: Lit Up,Prime,NEW_TMDB,,,,No reliable existing catalog match; fetch TMDB and create a new record.,1154268,Haul Out the Holly: Lit Up,Haul Out the Holly: Lit Up,2023,2023-11-25,"As the holidays approach, Emily and Jared are looking forward to celebrating the holidays together again, this time as a couple. Emily, now embracing Evergreen Lane’s uniquely festive spirit, is ready to work with Jared, Ned, Mary Louise and Pamela to make this year’s Christmas celebrations the best yet – even if being the HOA president’s girlfriend doesn’t stop those dreaded decorating citations. When a house on the block goes up for sale, it causes quite a stir with residents.",/wDkGpq2lSd988vOdbcnfQU74lZS.jpg,/wiCqo0gqwwbhOQiIhc8KW12KFE0.jpg,TMDB_SEARCH,REVIEW,TMDB ID was not supplied in the import file; manual confirmation required.
"History of the World, Part I",Fandango | Movies Anywhere,NEW_TMDB,,,,No reliable existing catalog match; fetch TMDB and create a new record.,10156,History of the World: Part I,History of the World: Part I,1981,1981-06-12,"An uproarious version of history that proves nothing is sacred – not even the Roman Empire, the French Revolution and the Spanish Inquisition.",/1bMaEfI76yrGjCSDquCippAFIDI.jpg,/huW5dZywslw6muqmpDtMl6Ywl3m.jpg,TMDB_SEARCH,REVIEW,TMDB ID was not supplied in the import file; manual confirmation required.
Home for the Holidays,Fandango,NEW_TMDB,,,,No reliable existing catalog match; fetch TMDB and create a new record.,9089,Home for the Holidays,Home for the Holidays,1995,1995-11-02,"After losing her job, making out with her soon-to-be former boss, and finding out that her daughter plans to spend Thanksgiving with her boyfriend, Claudia Larson faces spending the holiday with her unhinged family.",/3zqlKdOttWyExzopVxglz50Vjxq.jpg,/lCugQmmEoUc5Z3U7IlBXNYjrtJi.jpg,TMDB_SEARCH,REVIEW,TMDB ID was not supplied in the import file; manual confirmation required.
Hook,Fandango | Movies Anywhere,NEW_TMDB,,,,No reliable existing catalog match; fetch TMDB and create a new record.,879,Hook,Hook,1991,1991-04-10,"The boy who wasn't supposed to grow up—Peter Pan—does just that, becoming a soulless corporate lawyer whose workaholism could cost him his wife and kids. During his trip to see Granny Wendy in London, the vengeful Capt. Hook kidnaps Peter's kids and forces Peter to return to Neverland.",/a6rB1lGXoGms7gWxRfJneQmAjNV.jpg,/39OxcFZjX4uc6vYzexUh5qXghxE.jpg,TMDB_SEARCH,REVIEW,TMDB ID was not supplied in the import file; manual confirmation required.
Houseboat,Fandango,NEW_TMDB,,,,No reliable existing catalog match; fetch TMDB and create a new record.,1377,Houseboat,Houseboat,1958,1958-11-19,An Italian socialite on the run signs on as housekeeper for a widower with three children.,/nfaOBiZktPHOV0f3DTqTftgTo3B.jpg,/gm6olhE6677l4ZfuhV9I1ntvkng.jpg,TMDB_SEARCH,REVIEW,TMDB ID was not supplied in the import file; manual confirmation required.
How the Grinch Stole Christmas! / Horton Hears a Who!,Prime,NEW_TMDB,,,,No reliable existing catalog match; fetch TMDB and create a new record.,,,,,,,,,NO_RESULT,REVIEW,No TMDB result found.
How to Train Your Dragon,Fandango | Movies Anywhere,NEW_TMDB,,,,No reliable existing catalog match; fetch TMDB and create a new record.,1087192,How to Train Your Dragon,How to Train Your Dragon,2025,2025-06-06,"On the rugged isle of Berk, where Vikings and dragons have been bitter enemies for generations, Hiccup stands apart, defying centuries of tradition when he befriends Toothless, a feared Night Fury dragon. Their unlikely bond reveals the true nature of dragons, challenging the very foundations of Viking society.",/53dsJ3oEnBhTBVMigWJ9tkA5bzJ.jpg,/8J6UlIFcU7eZfq9iCLbgc8Auklg.jpg,TMDB_SEARCH,REVIEW,TMDB ID was not supplied in the import file; manual confirmation required.
How to Train Your Dragon 2,Fandango | Movies Anywhere,NEW_TMDB,,,,No reliable existing catalog match; fetch TMDB and create a new record.,82702,How to Train Your Dragon 2,How to Train Your Dragon 2,2014,2014-06-05,"Five years after uniting the dragons and Vikings of Berk, Hiccup and Toothless soar beyond their homeland, charting the vast unknown. During one of their adventures, the pair discover a secret cave that houses hundreds of wild dragons -- and a mysterious dragon rider with a startling connection to Hiccup. And as the ruthless dragon conqueror Drago Bludvist rises to seize control of both dragons and people alike, Hiccup must step into his role as a true leader and, alongside his friends and Toothless, protect Berk from a devastating war.",/d13Uj86LdbDLrfDoHR5aDOFYyJC.jpg,/8AAuJtCzaibYkbE0QVHc8EBsELB.jpg,TMDB_SEARCH,REVIEW,TMDB ID was not supplied in the import file; manual confirmation required.
Idiocracy,Fandango | Movies Anywhere,NEW_TMDB,,,,No reliable existing catalog match; fetch TMDB and create a new record.,7512,Idiocracy,Idiocracy,2006,2006-09-01,"To test its top-secret Human Hibernation Project, the Pentagon picks the most average European-Americans it can find - an Army private and a prostitute - and sends them to the year 2505 after a series of freak events. But when they arrive, they find a civilization so dumbed-down that they're the smartest people around.",/6cTHBq49ApwsJaRr3ojlY1cmiXk.jpg,/9Z4msMhKvNp63sOB1ZvxPMPvqz3.jpg,TMDB_SEARCH,REVIEW,TMDB ID was not supplied in the import file; manual confirmation required.
In the Grey,Fandango | Movies Anywhere,NEW_TMDB,,,,No reliable existing catalog match; fetch TMDB and create a new record.,1122573,In the Grey,In the Grey,2026,2026-05-13,"A covert team of elite operatives are living in the shadows. When a ruthless despot steals a billion-dollar fortune, they're sent to take it back—an impossible heist that erupts into a deadly game of strategy, deception and survival.",/dQgIcW6Th08kMRf2HBoYWoFE6OD.jpg,/qcIKxhqGMIj8uujsSoSMZWr8QqU.jpg,TMDB_SEARCH,REVIEW,TMDB ID was not supplied in the import file; manual confirmation required.
Indian Summer,Fandango | Movies Anywhere,NEW_TMDB,,,,No reliable existing catalog match; fetch TMDB and create a new record.,80173,Indian Summer,Indiánské léto,1995,1995-02-02,"An adaptation of F. Scott Fitzgerald's ""Bernice Bobs Her Hair"" which is set in a small Czech town where life for two teenage cousins revolves around evening alfresco dances. The tale involves a rivalry for male attention between Klara and Maria, both spending summer at their grandma's house.",/wsBb5rLLvg2kIHmarPxjtZBQlyu.jpg,/pMhwhL8p3OTI0Vg8s4o6NP8nhtk.jpg,TMDB_SEARCH,REVIEW,TMDB ID was not supplied in the import file; manual confirmation required.
Indiscreet,Fandango,NEW_TMDB,,,,No reliable existing catalog match; fetch TMDB and create a new record.,22874,Indiscreet,Indiscreet,1958,1958-07-16,"Anna Kalman is an accomplished actress who has given up hope of finding the man of her dreams. While talking about this subject with her sister, in walks Philip Adams and she realizes that this is the charming, smart, and handsome man she has been waiting for.",/sv4ao2ceHx2Ii1I2SsAmCqr7k6K.jpg,/pNqropWft9qTTF0BM9edTO52mmH.jpg,TMDB_SEARCH,REVIEW,TMDB ID was not supplied in the import file; manual confirmation required.
Is This Thing On?,Fandango | Movies Anywhere,NEW_TMDB,,,,No reliable existing catalog match; fetch TMDB and create a new record.,1140498,Is This Thing On?,Is This Thing On?,2025,2025-12-19,"As their marriage quietly unravels, Alex faces middle age and an impending divorce, seeking new purpose in the New York comedy scene while Tess confronts the sacrifices she made for their family—forcing them to navigate co-parenting, identity, and whether love can take a new form.",/YD6QzcokTMe3EViM0hLbNCxf4y.jpg,/argJlxQHbXAzyH8fKnjLfoEyDcd.jpg,TMDB_SEARCH,REVIEW,TMDB ID was not supplied in the import file; manual confirmation required.
It Happens Every Spring,Fandango | Movies Anywhere,NEW_TMDB,,,,No reliable existing catalog match; fetch TMDB and create a new record.,88288,It Happens Every Spring,It Happens Every Spring,1949,1949-06-10,A scientist discovers a formula that makes a baseball which is repelled by wood. He promptly sets out to exploit his discovery.,/18mVDAvnpVmKYgsfFe15mALF0iI.jpg,/nQw6GzHjJCvciLnGozk7BRvPezz.jpg,TMDB_SEARCH,REVIEW,TMDB ID was not supplied in the import file; manual confirmation required.
Jason Bourne,Fandango | Movies Anywhere,NEW_TMDB,,,,No reliable existing catalog match; fetch TMDB and create a new record.,324668,Jason Bourne,Jason Bourne,2016,2016-07-27,The most dangerous former operative of the CIA is drawn out of hiding to uncover hidden truths about his past.,/xA7N41glw17MBQtcWSm2eBlBRuG.jpg,/7mHeyU0a538bgguOeF57I8ZroSk.jpg,TMDB_SEARCH,REVIEW,TMDB ID was not supplied in the import file; manual confirmation required.
Just One of the Guys,Fandango | Movies Anywhere,NEW_TMDB,,,,No reliable existing catalog match; fetch TMDB and create a new record.,24548,Just One of the Guys,Just One of the Guys,1985,1985-04-26,"When Terry Griffith loses her high school's writing competition, she's convinced that it's because she's a girl. So Terry decides to change high schools and pose as a boy to prove her point. Her brother, Buddy, helps her pass as a guy so well that she is soon making friends with the boys at school, including the attractive Rick, who becomes her new best friend. But her gender-swapping makes things difficult when she falls in love with him.",/7ffvsRv8ueYYK0H3zocmNRPd8yN.jpg,/wXYv3mC6mZPVChHBMxF2tVILcLb.jpg,TMDB_SEARCH,REVIEW,TMDB ID was not supplied in the import file; manual confirmation required.
Kill Bill: The Whole Bloody Affair,Fandango,NEW_TMDB,,,,No reliable existing catalog match; fetch TMDB and create a new record.,414419,Kill Bill: The Whole Bloody Affair,Kill Bill: The Whole Bloody Affair,2011,2011-03-27,"A former assassin, known simply as The Bride, wakes from a coma four years after her jealous ex-lover Bill attempts to murder her on her wedding day. Fueled by an insatiable desire for revenge, she vows to get even with every person who contributed to the loss of her unborn child, her entire wedding party, and four years of her life.  After devising a hit list, The Bride sets off on her quest, enduring unspeakable injury and unscrupulous enemies.",/nSOJfWJCdVFZQwXQA7RXn7FIIiY.jpg,/gxSWwZyYPA50f5T2IJzFX4NzxAG.jpg,TMDB_SEARCH,REVIEW,TMDB ID was not supplied in the import file; manual confirmation required.
Killers,Fandango | Movies Anywhere,NEW_TMDB,,,,No reliable existing catalog match; fetch TMDB and create a new record.,241,Natural Born Killers,Natural Born Killers,1994,1994-08-26,Two victims of traumatized childhoods become lovers and serial murderers irresponsibly glorified by the mass media.,/fEKZwT91gxvkAoyPgpNXo8W5fu0.jpg,/k3TOt50cHvTLXWYPnXP0szhiXB8.jpg,TMDB_SEARCH,REVIEW,TMDB ID was not supplied in the import file; manual confirmation required.
Knives Out,Fandango | Movies Anywhere,NEW_TMDB,,,,No reliable existing catalog match; fetch TMDB and create a new record.,546554,Knives Out,Knives Out,2019,2019-11-27,"When renowned crime novelist Harlan Thrombey is found dead at his estate just after his 85th birthday, the inquisitive and debonair Detective Benoit Blanc is mysteriously enlisted to investigate. From Harlan's dysfunctional family to his devoted staff, Blanc sifts through a web of red herrings and self-serving lies to uncover the truth behind Harlan's untimely death.",/pThyQovXQrw2m0s9x82twj48Jq4.jpg,/4HWAQu28e2yaWrtupFPGFkdNU7V.jpg,TMDB_SEARCH,REVIEW,TMDB ID was not supplied in the import file; manual confirmation required.
Kuffs,Fandango | Movies Anywhere,NEW_TMDB,,,,No reliable existing catalog match; fetch TMDB and create a new record.,14603,Kuffs,Kuffs,1992,1992-01-10,"George Kuffs didn't finish high-school, just lost his job, and his college-age girlfriend is pregnant. To top it off, George's brother Brad is killed and George inherits Brad's ""patrol special"" privatized police district and all the problems that come with it.",/mF0eKbtnPxMVTPiLeKquUziMW06.jpg,/jXySMFq48i4VXY4Jb7zjj78GfXz.jpg,TMDB_SEARCH,REVIEW,TMDB ID was not supplied in the import file; manual confirmation required.
Kung Fu Panda,Fandango | Movies Anywhere,NEW_TMDB,,,,No reliable existing catalog match; fetch TMDB and create a new record.,9502,Kung Fu Panda,Kung Fu Panda,2008,2008-06-04,"Chosen by prophecy but doubted by all, Po is an unlikely choice for the mystical title of the Dragon Warrior—a clumsy panda thrust into the world of kung fu as a deadly enemy threatens the Valley of Peace. Under reluctant guidance by Master Shifu and the Furious Five, Po must embrace who he is to unlock the power that no scroll can teach.",/wWt4JYXTg5Wr3xBW2phBrMKgp3x.jpg,/qdthf9WrRDSaIkGVQGhhJ9pz1hn.jpg,TMDB_SEARCH,REVIEW,TMDB ID was not supplied in the import file; manual confirmation required.
La La Land,Fandango | Movies Anywhere,NEW_TMDB,,,,No reliable existing catalog match; fetch TMDB and create a new record.,313369,La La Land,La La Land,2016,2016-12-01,"Mia, an aspiring actress, serves lattes to movie stars in between auditions and Sebastian, a jazz musician, scrapes by playing cocktail party gigs in dingy bars, but as success mounts they are faced with decisions that begin to fray the fragile fabric of their love affair, and the dreams they worked so hard to maintain in each other threaten to rip them apart.",/uDO8zWDhfWwoFdKS4fzkUJt0Rf0.jpg,/nlPCdZlHtRNcF6C9hzUH4ebmV1w.jpg,TMDB_SEARCH,REVIEW,TMDB ID was not supplied in the import file; manual confirmation required.
Lean on Me,Fandango | Movies Anywhere,NEW_TMDB,,,,No reliable existing catalog match; fetch TMDB and create a new record.,14621,Lean On Me,Lean On Me,1989,1989-03-03,"When principal Joe Clark takes over decaying Eastside High School, he's faced with students wearing gang colors and graffiti-covered walls. Determined to do anything he must to turn the school around, he expels suspected drug dealers, padlocks doors and demands effort and results from students, staff and parents. Autocratic to a fault, this real-life educator put it all on the line.",/7xOyz2NlaoqZ6xIjJh0Goptm0tP.jpg,/f4cilOhPkg90LfH8jgzNuuVx12H.jpg,TMDB_SEARCH,REVIEW,TMDB ID was not supplied in the import file; manual confirmation required.
Little Big League,Fandango | Movies Anywhere,NEW_TMDB,,,,No reliable existing catalog match; fetch TMDB and create a new record.,31504,Little Big League,Little Big League,1994,1994-06-29,"When the owner of the Minnesota Twins passes away, he bequeaths the team to his preteen grandson. The newly minted head honcho quickly appoints himself manager, causing unrest in an organization that struggles to take orders from a 12-year-old.",/ps0GapKs4vuV38XX6VUbTZm8QS6.jpg,/lLk9msIWEHRJR7Die5Q2Jgyep7f.jpg,TMDB_SEARCH,REVIEW,TMDB ID was not supplied in the import file; manual confirmation required.
Little Shop of Horrors,Fandango | Movies Anywhere,NEW_TMDB,,,,No reliable existing catalog match; fetch TMDB and create a new record.,10776,Little Shop of Horrors,Little Shop of Horrors,1986,1986-12-19,"Seymour Krelborn is a nerdy orphan working at Mushnik's; a flower shop in urban Skid Row. He harbors a crush on fellow co-worker, Audrey Fulquard, and is berated by Mr. Mushnik daily. One day, Seymour finds a very mysterious unidentified plant which he calls Audrey II. The plant seems to have a craving for blood and soon begins to sing for it’s supper.",/iKkbN17OmFosaW6asCNZTTsyvpu.jpg,/z9y41Biv1isRtErpt7Ecv01ru0W.jpg,TMDB_SEARCH,REVIEW,TMDB ID was not supplied in the import file; manual confirmation required.
Little Women,Fandango | Movies Anywhere,NEW_TMDB,,,,No reliable existing catalog match; fetch TMDB and create a new record.,331482,Little Women,Little Women,2019,2019-12-25,Four sisters come of age in America in the aftermath of the Civil War.,/yn5ihODtZ7ofn8pDYfxCmxh8AXI.jpg,/lqxxwTRk0l7CubY6JkJdhnwJEkn.jpg,TMDB_SEARCH,REVIEW,TMDB ID was not supplied in the import file; manual confirmation required.
Lolita,Fandango | Movies Anywhere,NEW_TMDB,,,,No reliable existing catalog match; fetch TMDB and create a new record.,9769,Lolita,Lolita,1997,1997-09-27,"Humbert Humbert is a middle-aged British novelist who is both appalled by and attracted to the vulgarity of American culture. When he comes to stay at the boarding house run by Charlotte Haze, he soon becomes obsessed with Lolita, the woman's teenaged daughter.",/9INcC14WZjCMKGE360VXmklCLdZ.jpg,/b9diKSmofRcgjbUxDrSPms82yAN.jpg,TMDB_SEARCH,REVIEW,TMDB ID was not supplied in the import file; manual confirmation required.
London Has Fallen,Fandango | Movies Anywhere,NEW_TMDB,,,,No reliable existing catalog match; fetch TMDB and create a new record.,267860,London Has Fallen,London Has Fallen,2016,2016-03-02,"In London for the Prime Minister's funeral, Mike Banning discovers a plot to assassinate all the attending world leaders.",/iEbLkYzyiUdOKNK4WNBFyGH7r2Y.jpg,/2aXAK6WNg9ihJm8qRSrguKzgaB7.jpg,TMDB_SEARCH,REVIEW,TMDB ID was not supplied in the import file; manual confirmation required.
MacGruber,Fandango | Movies Anywhere,NEW_TMDB,,,,No reliable existing catalog match; fetch TMDB and create a new record.,37931,MacGruber,MacGruber,2010,2010-05-21,"Ex-special operative MacGruber is called back into action to take down his archenemy, Dieter Von Cunth, who's in possession of a nuclear warhead and bent on destroying Washington, DC.",/9cO8JD7aaQzI4q8lBS8MYXH8LrJ.jpg,/q3ySVO0N9tHw00heI0Wd1B9Qwih.jpg,TMDB_SEARCH,REVIEW,TMDB ID was not supplied in the import file; manual confirmation required.
Mad Max: Fury Road,Fandango | Movies Anywhere,NEW_TMDB,,,,No reliable existing catalog match; fetch TMDB and create a new record.,76341,Mad Max: Fury Road,Mad Max: Fury Road,2015,2015-05-13,"An apocalyptic story set in the furthest reaches of our planet, in a stark desert landscape where humanity is broken, and most everyone is crazed fighting for the necessities of life. Within this world exist two rebels on the run who just might be able to restore order.",/ulcAi4dKpAjHwYGS08vNyx9H6I9.jpg,/uT895WNwm0aIJRtGizcQhrejWUo.jpg,TMDB_SEARCH,REVIEW,TMDB ID was not supplied in the import file; manual confirmation required.
Magnolia,Fandango | Movies Anywhere,NEW_TMDB,,,,No reliable existing catalog match; fetch TMDB and create a new record.,334,Magnolia,Magnolia,1999,1999-12-17,"On one random day in the San Fernando Valley, a dying father, a young wife, a male caretaker, a famous lost son, a police officer in love, a boy genius, an ex-boy genius, a game show host and an estranged daughter will each become part of a dazzling multiplicity of plots, but one story.",/tpfC325Jk6S38VTe5dDWjWtoyxr.jpg,/mFfyE5DPFDqoes4HIcElHc2a15y.jpg,TMDB_SEARCH,REVIEW,TMDB ID was not supplied in the import file; manual confirmation required.
Magnolia (1999),Prime,NEW_TMDB,,,,No reliable existing catalog match; fetch TMDB and create a new record.,334,Magnolia,Magnolia,1999,1999-12-17,"On one random day in the San Fernando Valley, a dying father, a young wife, a male caretaker, a famous lost son, a police officer in love, a boy genius, an ex-boy genius, a game show host and an estranged daughter will each become part of a dazzling multiplicity of plots, but one story.",/tpfC325Jk6S38VTe5dDWjWtoyxr.jpg,/mFfyE5DPFDqoes4HIcElHc2a15y.jpg,TMDB_SEARCH,REVIEW,TMDB ID was not supplied in the import file; manual confirmation required.
Mary Poppins,Fandango | Movies Anywhere,NEW_TMDB,,,,No reliable existing catalog match; fetch TMDB and create a new record.,433,Mary Poppins,Mary Poppins,1964,1964-12-17,"In turn of the century London, a magical nanny employs music and adventure to help two neglected children become closer to their father.",/o4Wsby4ydIXhWmtmfvb451D5Np1.jpg,/nMXLizoHhVTeh3GjFyUOfNx3b7i.jpg,TMDB_SEARCH,REVIEW,TMDB ID was not supplied in the import file; manual confirmation required.
Maze Runner: The Death Cure,Fandango | Movies Anywhere,NEW_TMDB,,,,No reliable existing catalog match; fetch TMDB and create a new record.,336843,Maze Runner: The Death Cure,Maze Runner: The Death Cure,2018,2018-01-10,"Thomas leads his group of escaped Gladers on their final and most dangerous mission yet. To save their friends, they must break into the legendary Last City, a WCKD-controlled labyrinth that may turn out to be the deadliest maze of all. Anyone who makes it out alive will get answers to the questions the Gladers have been asking since they first arrived in the maze.",/s8K0US4tUEoOrQ1LDh0eppuwGDx.jpg,/ufUAOM5aVizNf8d5YLoutqrrlhq.jpg,TMDB_SEARCH,REVIEW,TMDB ID was not supplied in the import file; manual confirmation required.
Maze Runner: The Scorch Trials,Fandango | Movies Anywhere,NEW_TMDB,,,,No reliable existing catalog match; fetch TMDB and create a new record.,294254,Maze Runner: The Scorch Trials,Maze Runner: The Scorch Trials,2015,2015-09-09,"Thomas and his fellow Gladers face their greatest challenge yet: searching for clues about the mysterious and powerful organization known as WCKD. Their journey takes them to the Scorch, a desolate landscape filled with unimaginable obstacles. Teaming up with resistance fighters, the Gladers take on WCKD’s vastly superior forces and uncover its shocking plans for them all.",/mYw7ZyejqSCPFlrT2jHZOESZDU3.jpg,/4mcOCiR06dqQ5eoEJcG3zvonjOa.jpg,TMDB_SEARCH,REVIEW,TMDB ID was not supplied in the import file; manual confirmation required.
Mechanic Resurrection,Fandango,NEW_TMDB,,,,No reliable existing catalog match; fetch TMDB and create a new record.,278924,Mechanic: Resurrection,Mechanic: Resurrection,2016,2016-08-25,"Arthur Bishop thought he had put his murderous past behind him when his most formidable foe kidnaps the love of his life. Now he is forced to travel the globe to complete three impossible assassinations, and do what he does best, make them look like accidents.",/bG3Q6EFcngpPn7uPuQTzTuq9DgV.jpg,/3f5rBEc6ioRBO2CATDt4sKjEJnY.jpg,TMDB_SEARCH,REVIEW,TMDB ID was not supplied in the import file; manual confirmation required.
Mickey's Magical Christmas: Snowed In at the House of Mouse,Fandango | Movies Anywhere,NEW_TMDB,,,,No reliable existing catalog match; fetch TMDB and create a new record.,21448,Mickey's Magical Christmas: Snowed in at the House of Mouse,Mickey's Magical Christmas: Snowed in at the House of Mouse,2001,2001-11-06,"When a huge snowstorm leaves everyone stranded, Mickey and all of his guests at the House of Mouse, including Pooh, Belle, Snow White, Cinderella, Ariel and many more of his old and new friends, break out the cookies and hot chocolate to help Donald mend his tattered Christmas spirit.",/9T9KGsdnzIzPDFF0gvdGTtp8Mvw.jpg,/u0Ts1bQRyC5VRSHut0YaSEpKSYr.jpg,TMDB_SEARCH,REVIEW,TMDB ID was not supplied in the import file; manual confirmation required.
Midnight Run,Fandango | Movies Anywhere,NEW_TMDB,,,,No reliable existing catalog match; fetch TMDB and create a new record.,9013,Midnight Run,Midnight Run,1988,1988-07-20,"A bounty hunter pursues a former Mafia accountant who is also being chased by a rival bounty hunter, the F.B.I., and his old mob boss after jumping bail.",/yx0touyDQ9enWDsFgS4MbBwCSNd.jpg,/5bJuEI1jHkZIktD3vnshdWkJSH8.jpg,TMDB_SEARCH,REVIEW,TMDB ID was not supplied in the import file; manual confirmation required.
Miracle on 34th Street,Fandango | Movies Anywhere,NEW_TMDB,,,,No reliable existing catalog match; fetch TMDB and create a new record.,10510,Miracle on 34th Street,Miracle on 34th Street,1994,1994-11-18,"Six-year-old Susan Walker has doubts about childhood's most enduring miracle—Santa Claus. Her mother told her the secret about Santa a long time ago, but, after meeting a special department store Santa who's convinced he's the real thing, Susan is given the most precious gift of all—something to believe in.",/iUTPKkljdEjPlcPPYgbUz7APnHu.jpg,/oU0lGpUukjNOgZeuIqueNM3QiBE.jpg,TMDB_SEARCH,REVIEW,TMDB ID was not supplied in the import file; manual confirmation required.
Miracle on 34th Street (1947),Prime,NEW_TMDB,,,,No reliable existing catalog match; fetch TMDB and create a new record.,,,,,,,,,NO_RESULT,REVIEW,No TMDB result found.
Murder on the Orient Express,Fandango | Movies Anywhere,NEW_TMDB,,,,No reliable existing catalog match; fetch TMDB and create a new record.,392044,Murder on the Orient Express,Murder on the Orient Express,2017,2017-11-03,Genius Belgian detective Hercule Poirot investigates the murder of an American tycoon aboard the Orient Express train.,/7GtdJU6iAg6fjQu3E3zta3bIAQh.jpg,/IQyEvPTYvrzsa7qstRj6VLQupr.jpg,TMDB_SEARCH,REVIEW,TMDB ID was not supplied in the import file; manual confirmation required.
Nerve,Fandango | Movies Anywhere,NEW_TMDB,,,,No reliable existing catalog match; fetch TMDB and create a new record.,328387,Nerve,Nerve,2016,2016-06-27,"Industrious high school senior Vee Delmonico has had it with living life on the sidelines. When pressured by friends to join the popular online game Nerve, Vee decides to sign up for just one dare in what seems like harmless fun. But as she finds herself caught up in the thrill of the adrenaline-fueled competition partnered with a mysterious stranger, the game begins to take a sinister turn with increasingly dangerous acts, leading her into a high stakes finale that will determine her entire future.",/qmSpHC0CSNyNll9WhlwWYuwoQ28.jpg,/fg04CQyJzuDJ82jm2meY37n9XyE.jpg,TMDB_SEARCH,REVIEW,TMDB ID was not supplied in the import file; manual confirmation required.
Network,Fandango | Movies Anywhere,NEW_TMDB,,,,No reliable existing catalog match; fetch TMDB and create a new record.,37799,The Social Network,The Social Network,2010,2010-10-01,"In 2003, Harvard undergrad and computer programmer Mark Zuckerberg begins work on a new concept that eventually turns into the global social network known as Facebook. Six years later, Mark is one of the youngest billionaires ever, but his unprecedented success leads to both personal and legal complications when he ends up on the receiving end of two lawsuits, one involving his former friend.",/n0ybibhJtQ5icDqTp8eRytcIHJx.jpg,/1PXwh3nJzgRkkYnqfWInJNypeL4.jpg,TMDB_SEARCH,REVIEW,TMDB ID was not supplied in the import file; manual confirmation required.
Never Been Kissed,Fandango | Movies Anywhere,NEW_TMDB,,,,No reliable existing catalog match; fetch TMDB and create a new record.,11355,Never Been Kissed,Never Been Kissed,1999,1999-04-09,"Josie Geller, a baby-faced junior copywriter at the Chicago Sun-Times, must pose as a student at her former high school to research contemporary teenage culture. With the help of her brother, Rob, Josie infiltrates the inner circle of the most popular clique on campus. But she hits a major snag in her investigation -- not to mention her own failed love life -- when she falls for her dreamy English teacher, Sam Coulson.",/6BngDhDNfbBjhVFWDT2yMve32vi.jpg,/vNdulTZXaL11xFs7FWCnxEE7wqR.jpg,TMDB_SEARCH,REVIEW,TMDB ID was not supplied in the import file; manual confirmation required.
No Hard Feelings,Fandango | Movies Anywhere,NEW_TMDB,,,,No reliable existing catalog match; fetch TMDB and create a new record.,884605,No Hard Feelings,No Hard Feelings,2023,2023-06-15,"On the brink of losing her childhood home, Maddie discovers an intriguing job listing: wealthy helicopter parents looking for someone to “date” their introverted 19-year-old son, Percy, before he leaves for college. To her surprise, Maddie soon discovers the awkward Percy is no sure thing.",/gD72DhJ7NbfxvtxGiAzLaa0xaoj.jpg,/rRcNmiH55Tz0ugUsDUGmj8Bsa4V.jpg,TMDB_SEARCH,REVIEW,TMDB ID was not supplied in the import file; manual confirmation required.
Operation Fortune: Ruse de Guerre,Fandango | Movies Anywhere,NEW_TMDB,,,,No reliable existing catalog match; fetch TMDB and create a new record.,739405,Operation Fortune: Ruse de Guerre,Operation Fortune: Ruse de Guerre,2023,2023-01-04,Special agent Orson Fortune and his team of operatives recruit one of Hollywood's biggest movie stars to help them on an undercover mission when the sale of a deadly new weapons technology threatens to disrupt the world order.,/uo7vWfQUlVwueYTDRicXOJa8Oow.jpg,/sNnPbPopZxGO3s7Hd5qcqoMyLXl.jpg,TMDB_SEARCH,REVIEW,TMDB ID was not supplied in the import file; manual confirmation required.
Operation Petticoat,Fandango,NEW_TMDB,,,,No reliable existing catalog match; fetch TMDB and create a new record.,9660,Operation Petticoat,Operation Petticoat,1959,1959-12-05,"A World War II submarine commander finds himself stuck with a damaged sub, a con-man executive officer, and a group of army nurses.",/pIsm8JvpFZidVxKexv5UgoCjwpZ.jpg,/omMa8BHw4S5da4D69GjvVZ9oObG.jpg,TMDB_SEARCH,REVIEW,TMDB ID was not supplied in the import file; manual confirmation required.
Out of Sight,Fandango | Movies Anywhere,NEW_TMDB,,,,No reliable existing catalog match; fetch TMDB and create a new record.,1389,Out of Sight,Out of Sight,1998,1998-06-26,"Meet Jack Foley, a smooth criminal who bends the law and is determined to make one last heist. Karen Sisco is a federal marshal who chooses all the right moves … and all the wrong guys. Now they're willing to risk it all to find out if there's more between them than just the law.",/v49q7AMR3pB4M762woWB1NYMCLF.jpg,/rOvXN8m3l4qNKCdNscLUjxK6I9I.jpg,TMDB_SEARCH,REVIEW,TMDB ID was not supplied in the import file; manual confirmation required.
Paranormal Activity,Fandango,NEW_TMDB,,,,No reliable existing catalog match; fetch TMDB and create a new record.,23827,Paranormal Activity,Paranormal Activity,2007,2007-09-14,"After a young, middle-class couple moves into what seems like a typical suburban house, they become increasingly disturbed by a presence that may or may not be demonic, but is certainly the most active in the middle of the night.",/tmclkEpjeo4Zu564gf3KrwIOuKw.jpg,/wfCdJ0MD1hYJzlaHulolNw5pYtR.jpg,TMDB_SEARCH,REVIEW,TMDB ID was not supplied in the import file; manual confirmation required.
Passenger 57,Fandango | Movies Anywhere,NEW_TMDB,,,,No reliable existing catalog match; fetch TMDB and create a new record.,10538,Passenger 57,Passenger 57,1992,1992-11-06,"Airline security specialist John Cutter, finally returning to the job after his wife's death, finds himself stuck on a flight being hijacked by notorious terrorist Charles Rane. Unfortunately for the terrorists, they're also stuck with him.",/4VBN8pQxGHjeZWcNv1V1xSw0OKC.jpg,/f3ugXLa0w4x3cVVNodBPB6HDmSk.jpg,TMDB_SEARCH,REVIEW,TMDB ID was not supplied in the import file; manual confirmation required.
Pixie Hollow Games: Disney Fairies (Short),Fandango | Movies Anywhere,NEW_TMDB,,,,No reliable existing catalog match; fetch TMDB and create a new record.,,,,,,,,,NO_RESULT,REVIEW,No TMDB result found.
Plane,Fandango | Movies Anywhere,NEW_TMDB,,,,No reliable existing catalog match; fetch TMDB and create a new record.,646389,Plane,Plane,2023,2023-01-11,"After a heroic job of successfully landing his storm-damaged aircraft in a war zone, a fearless pilot finds himself between the agendas of multiple militias planning to take the plane and its passengers hostage.",/oJRsTQR47pyjSJCZYpOfbycpNBR.jpg,/6JU2ysRVOHqav0Hs6BUv4mvvDxZ.jpg,TMDB_SEARCH,REVIEW,TMDB ID was not supplied in the import file; manual confirmation required.
Psycho,Fandango,NEW_TMDB,,,,No reliable existing catalog match; fetch TMDB and create a new record.,539,Psycho,Psycho,1960,1960-06-22,"When larcenous real estate clerk Marion Crane goes on the lam with a wad of cash and hopes of starting a new life, she ends up at the notorious Bates Motel, where manager Norman Bates cares for his housebound mother.",/yz4QVqPx3h1hD1DfqqQkCq3rmxW.jpg,/mufF1aYvwdpKerhq5R1YrVcbJLY.jpg,TMDB_SEARCH,REVIEW,TMDB ID was not supplied in the import file; manual confirmation required.
Psycho (1998),Movies Anywhere,NEW_TMDB,,,,No reliable existing catalog match; fetch TMDB and create a new record.,,,,,,,,,NO_RESULT,REVIEW,No TMDB result found.
Puffs,Prime,NEW_TMDB,,,,No reliable existing catalog match; fetch TMDB and create a new record.,1247046,Puffs,Puffs,2024,2024-03-05,"Ella and Edik, siblings of a traditional Bukhari family, arrive early on holiday to their childhood home. There they find their homophobic father - dead and dressed in women's clothes.",/coNySuslX5Wvi52o8bHDrcGfgRm.jpg,/spaxwDtxBzWCPABvOZ6dIffTrAF.jpg,TMDB_SEARCH,REVIEW,TMDB ID was not supplied in the import file; manual confirmation required.
Rango,Prime,NEW_TMDB,,,,No reliable existing catalog match; fetch TMDB and create a new record.,44896,Rango,Rango,2011,2011-03-02,"When Rango, a lost family pet, accidentally winds up in the gritty, gun-slinging Western town of Dirt, the theater-loving lizard suddenly finds himself the newly appointed sheriff. Welcomed as the last hope the town has been waiting for, Rango is forced to play his new role to the hilt and uncover the truth behind a looming water crisis—before his act catches up with him.",/A5MP1guV8pbruieG0tnpPIbaJtt.jpg,/mOtKQlXdL5J4lwqcSFlkZmgmFeZ.jpg,TMDB_SEARCH,REVIEW,TMDB ID was not supplied in the import file; manual confirmation required.
Ready Player One,Fandango | Movies Anywhere,NEW_TMDB,,,,No reliable existing catalog match; fetch TMDB and create a new record.,333339,Ready Player One,Ready Player One,2018,2018-03-28,"When the creator of a popular video game system dies, a virtual contest is created to compete for his fortune.",/pU1ULUq8D3iRxl1fdX2lZIzdHuI.jpg,/5a7lMDn3nAj2ByO0X1fg6BhUphR.jpg,TMDB_SEARCH,REVIEW,TMDB ID was not supplied in the import file; manual confirmation required.
Rocky,Fandango,NEW_TMDB,,,,No reliable existing catalog match; fetch TMDB and create a new record.,1366,Rocky,Rocky,1976,1976-12-03,"Rocky Balboa is a Philadelphia club fighter who seems to be going nowhere. But when a stroke of fate puts him in the ring with a world heavyweight champion, Rocky knows that it's his one shot at the big time — a once-in-a-lifetime opportunity to go the distance and come out a winner!",/xSI0dbKLDETwhiVUy6hGE8KXUln.jpg,/bacOuUnRBoAO1NjMfsAGX2EKRrS.jpg,TMDB_SEARCH,REVIEW,TMDB ID was not supplied in the import file; manual confirmation required.
Rocky II,Fandango,NEW_TMDB,,,,No reliable existing catalog match; fetch TMDB and create a new record.,1367,Rocky II,Rocky II,1979,1979-06-15,"After Rocky goes the distance with champ Apollo Creed, both try to put the fight behind them and move on. Rocky settles down with Adrian but can't put his life together outside the ring, while Creed seeks a rematch to restore his reputation. Soon enough, the ""Master of Disaster"" and the ""Italian Stallion"" are set on a collision course for a climactic battle that is brutal and unforgettable.",/nMaiiu0CzT77U4JZkUYV7KqdAjK.jpg,/78jvhi792WFjk1zSwqpfDOudO78.jpg,TMDB_SEARCH,REVIEW,TMDB ID was not supplied in the import file; manual confirmation required.
Rocky III,Fandango,NEW_TMDB,,,,No reliable existing catalog match; fetch TMDB and create a new record.,1371,Rocky III,Rocky III,1982,1982-05-28,Following Rocky Balboa's intense battle with his most powerful adversary yet – the ferocious Clubber Lang – Rocky joins forces with former rival Apollo Creed in an effort to get back his fighting spirit.,/uqw16i2kmwVqkJHzjzbDU4xZ0Pl.jpg,/ljOHSIyTbxdkQFjcJyWKfGm2i2r.jpg,TMDB_SEARCH,REVIEW,TMDB ID was not supplied in the import file; manual confirmation required.
Rocky IV,Fandango,NEW_TMDB,,,,No reliable existing catalog match; fetch TMDB and create a new record.,1374,Rocky IV,Rocky IV,1985,1985-11-21,"Rocky Balboa holds the world heavyweight championship, but a new challenger has stepped forward: Drago, a six-foot-four, 261-pound fighter who has the backing of the Soviet Union. This time, Rocky's training regimen takes him to Siberia, where he prepares for a globally televised match in the heart of Moscow. But nothing can truly prepare him for what he's about to face – a fight to the finish, in which he must defend not only himself, but also the honor of his country!",/2MHUit4H6OK5adcOjnCN6suCKOl.jpg,/uiUb4KJ6tadldqlJme49TW1r3jA.jpg,TMDB_SEARCH,REVIEW,TMDB ID was not supplied in the import file; manual confirmation required.
Rocky IV: Rocky vs. Drago The Ultimate Director's Cut,Fandango,NEW_TMDB,,,,No reliable existing catalog match; fetch TMDB and create a new record.,1374,Rocky IV,Rocky IV,1985,1985-11-21,"Rocky Balboa holds the world heavyweight championship, but a new challenger has stepped forward: Drago, a six-foot-four, 261-pound fighter who has the backing of the Soviet Union. This time, Rocky's training regimen takes him to Siberia, where he prepares for a globally televised match in the heart of Moscow. But nothing can truly prepare him for what he's about to face – a fight to the finish, in which he must defend not only himself, but also the honor of his country!",/2MHUit4H6OK5adcOjnCN6suCKOl.jpg,/uiUb4KJ6tadldqlJme49TW1r3jA.jpg,TMDB_SEARCH,REVIEW,TMDB ID was not supplied in the import file; manual confirmation required.
Rocky V,Fandango,NEW_TMDB,,,,No reliable existing catalog match; fetch TMDB and create a new record.,1375,Rocky V,Rocky V,1990,1990-11-16,"A lifetime of taking shots has ended Rocky’s career, and a crooked accountant has left him broke. Inspired by the memory of his trainer, however, Rocky finds glory in training and takes on an up-and-coming boxer.",/tevHaVxtrMTaUi8f3YjLWYSSY8A.jpg,/2TIzE3Ekpbl8Eb0Y6pYxVLXQF4A.jpg,TMDB_SEARCH,REVIEW,TMDB ID was not supplied in the import file; manual confirmation required.
Roger Corman's Death Race 2050,Fandango | Movies Anywhere,NEW_TMDB,,,,No reliable existing catalog match; fetch TMDB and create a new record.,401544,Death Race 2050,Death Race 2050,2017,2017-01-17,"The year 2050 the planet has become overpopulated, to help control population the government develops a race. The Death Race. Annually competitors race across the country scoring points for killing people with their vehicles.",/5mI8yqZZBlZpvd0aT5YXbR8oEvT.jpg,/wZobkwdTb8cMwxhf6eK2NNlfZkx.jpg,TMDB_SEARCH,REVIEW,TMDB ID was not supplied in the import file; manual confirmation required.
Schindler's List,Fandango | Movies Anywhere,NEW_TMDB,,,,No reliable existing catalog match; fetch TMDB and create a new record.,424,Schindler's List,Schindler's List,1993,1993-12-15,The true story of how businessman Oskar Schindler saved over a thousand Jewish lives from the Nazis while they worked as slaves in his factory during World War II.,/sF1U4EUQS8YHUYjNl3pMGNIQyr0.jpg,/zb6fM1CX41D9rF9hdgclu0peUmy.jpg,TMDB_SEARCH,REVIEW,TMDB ID was not supplied in the import file; manual confirmation required.
Shelter,Fandango | Movies Anywhere,NEW_TMDB,,,,No reliable existing catalog match; fetch TMDB and create a new record.,1290821,Shelter,Shelter,2026,2026-01-28,"A man living in self-imposed exile on a remote island rescues a young girl from a violent storm, setting off a chain of events that forces him out of seclusion to protect her from enemies tied to his past.",/buPFnHZ3xQy6vZEHxbHgL1Pc6CR.jpg,/nHxWyy18SvAZ8jJeemtS8k1UNjM.jpg,TMDB_SEARCH,REVIEW,TMDB ID was not supplied in the import file; manual confirmation required.
Skyfall,Fandango,NEW_TMDB,,,,No reliable existing catalog match; fetch TMDB and create a new record.,37724,Skyfall,Skyfall,2012,2012-10-24,"When Bond's latest assignment goes gravely wrong, agents around the world are exposed and MI6 headquarters is attacked. While M faces challenges to her authority and position from Gareth Mallory, the new Chairman of the Intelligence and Security Committee, it's up to Bond, aided only by field agent Eve, to locate the mastermind behind the attack.",/d0IVecFQvsGdSbnMAHqiYsNYaJT.jpg,/wkA622CCN2X0uwpgqYEOnUYEDf5.jpg,TMDB_SEARCH,REVIEW,TMDB ID was not supplied in the import file; manual confirmation required.
Sneakers,Fandango | Movies Anywhere,NEW_TMDB,,,,No reliable existing catalog match; fetch TMDB and create a new record.,2322,Sneakers,Sneakers,1992,1992-09-09,"When shadowy U.S. intelligence agents blackmail a reformed computer hacker and his eccentric team of security experts into stealing a code-breaking 'black box' from a Soviet-funded genius, they uncover a bigger conspiracy. Now, he and his 'sneakers' must save themselves and the world economy by retrieving the box from their blackmailers.",/l2pIGwCvpZEpBuMb55YBl6A04Jv.jpg,/smK3ud9IKSLVuRXdKauJ9p0DwNB.jpg,TMDB_SEARCH,REVIEW,TMDB ID was not supplied in the import file; manual confirmation required.
So I Married An Axe Murderer,Fandango | Movies Anywhere,NEW_TMDB,,,,No reliable existing catalog match; fetch TMDB and create a new record.,10442,So I Married an Axe Murderer,So I Married an Axe Murderer,1993,1993-07-30,"Just after a bad breakup, Charlie MacKenzie falls for lovely butcher Harriet Michaels and introduces her to his parents. But, as voracious consumers of sensational tabloids, his parents soon come to suspect that Harriet is actually a notorious serial killer -- ""Mrs. X"" -- wanted in connection with a string of bizarre honeymoon killings. Thinking his parents foolish, Charlie proposes to Harriet. But while on his honeymoon with her, he begins to fear they were right.",/zQlpQDKDADKlgqfMs1E191ofDJU.jpg,/iVweNwFhEtlJlPxOkaDh8VboE9b.jpg,TMDB_SEARCH,REVIEW,TMDB ID was not supplied in the import file; manual confirmation required.
Son-In-Law,Fandango | Movies Anywhere,NEW_TMDB,,,,No reliable existing catalog match; fetch TMDB and create a new record.,13203,Son in Law,Son in Law,1993,1993-07-02,"Country girl Rebecca has spent most of her life on a farm in South Dakota, and, when she goes away to college in Los Angeles, Rebecca immediately feels out of place in the daunting urban setting. She is befriended by a savvy party animal named Crawl, who convinces the ambivalent Rebecca to stay in the city. When Thanksgiving break rolls around, Rebecca, no longer an innocent farm girl, invites Crawl back to South Dakota, where he pretends to be her fiancé.",/gj4afHL9bMQ18opZzMp77tlPkAq.jpg,/pV1Kdxjk05NfTUtfXB3ZZyD95s0.jpg,TMDB_SEARCH,REVIEW,TMDB ID was not supplied in the import file; manual confirmation required.
Soul Survivors,Fandango,NEW_TMDB,,,,No reliable existing catalog match; fetch TMDB and create a new record.,14033,Soul Survivors,Soul Survivors,2001,2001-09-06,A college freshman involved in a fatal car crash discovers she may not have survived after all when she becomes caught between the worlds of the living and the dead.,/uWmHhtuEgX7oI0FuWR2oD08HRHD.jpg,/x5IFsaNFSC8i9OTqTYNZHsBZAud.jpg,TMDB_SEARCH,REVIEW,TMDB ID was not supplied in the import file; manual confirmation required.
Spectre,Fandango,NEW_TMDB,,,,No reliable existing catalog match; fetch TMDB and create a new record.,206647,Spectre,Spectre,2015,2015-10-26,"A cryptic message from Bond’s past sends him on a trail to uncover a sinister organization. While M battles political forces to keep the secret service alive, Bond peels back the layers of deceit to reveal the terrible truth behind SPECTRE.",/zj8ongFhtWNsVlfjOGo8pSr7PQg.jpg,/8lBViysvNJBPkl6zG1LVAaW3qhj.jpg,TMDB_SEARCH,REVIEW,TMDB ID was not supplied in the import file; manual confirmation required.
Spider-Man: Homecoming,Fandango | Movies Anywhere,NEW_TMDB,,,,No reliable existing catalog match; fetch TMDB and create a new record.,315635,Spider-Man: Homecoming,Spider-Man: Homecoming,2017,2017-07-05,"Following the events of Captain America: Civil War, Peter Parker, with the help of his mentor Tony Stark, tries to balance his life as an ordinary high school student in Queens, New York City, with fighting crime as his superhero alter ego Spider-Man as a new threat, the Vulture, emerges.",/c24sv2weTHPsmDa7jEMN0m2P3RT.jpg,/fn4n6uOYcB6Uh89nbNPoU2w80RV.jpg,TMDB_SEARCH,REVIEW,TMDB ID was not supplied in the import file; manual confirmation required.
Spider-Man: Into The Spider-Verse,Fandango | Movies Anywhere,NEW_TMDB,,,,No reliable existing catalog match; fetch TMDB and create a new record.,324857,Spider-Man: Into the Spider-Verse,Spider-Man: Into the Spider-Verse,2018,2018-12-06,"Struggling to find his place in the world while juggling school and family, Brooklyn teenager Miles Morales is unexpectedly bitten by a radioactive spider and develops unfathomable powers just like the one and only Spider-Man. While wrestling with the implications of his new abilities, Miles discovers a super collider created by the madman Wilson ""Kingpin"" Fisk, causing others from across the Spider-Verse to be inadvertently transported to his dimension.",/iiZZdoQBEYBv6id8su7ImL0oCbD.jpg,/8mnXR9rey5uQ08rZAvzojKWbDQS.jpg,TMDB_SEARCH,REVIEW,TMDB ID was not supplied in the import file; manual confirmation required.
Spider-Man: No Way Home,Fandango | Movies Anywhere,NEW_TMDB,,,,No reliable existing catalog match; fetch TMDB and create a new record.,634649,Spider-Man: No Way Home,Spider-Man: No Way Home,2021,2021-12-15,"Peter Parker is unmasked and no longer able to separate his normal life from the high-stakes of being a super-hero. When he asks for help from Doctor Strange the stakes become even more dangerous, forcing him to discover what it truly means to be Spider-Man.",/1g0dhYtq4irTY1GPXvft6k4YLjm.jpg,/uyrOU4BDm2kbVxFsMiDFIHDhc4d.jpg,TMDB_SEARCH,REVIEW,TMDB ID was not supplied in the import file; manual confirmation required.
Spy Game,Fandango | Movies Anywhere,NEW_TMDB,,,,No reliable existing catalog match; fetch TMDB and create a new record.,1535,Spy Game,Spy Game,2001,2001-11-18,"On the day of his retirement, a veteran CIA agent learns that his former protégé has been arrested in China, is sentenced to die the next morning in Beijing, and that the CIA is considering letting that happen to avoid an international scandal.",/6y8M1rxjKofQCRKKe6xeV91K2Fc.jpg,/7Hfatv0lZkMyxw8UBZmiK2qSXDR.jpg,TMDB_SEARCH,REVIEW,TMDB ID was not supplied in the import file; manual confirmation required.
Street Fighter,Fandango | Movies Anywhere,NEW_TMDB,,,,No reliable existing catalog match; fetch TMDB and create a new record.,11667,Street Fighter,Street Fighter,1994,1994-12-23,Colonel Guile and various other martial arts heroes fight against the tyranny of dictator M. Bison and his cohorts.,/6yh95dD2Y6uWAlPfWCZZygBM1ec.jpg,/vmXRiIs6alZFDtlHlUT3Tx5rHww.jpg,TMDB_SEARCH,REVIEW,TMDB ID was not supplied in the import file; manual confirmation required.
Sudden Death,Fandango | Movies Anywhere,NEW_TMDB,,,,No reliable existing catalog match; fetch TMDB and create a new record.,9091,Sudden Death,Sudden Death,1995,1995-10-27,When a man's daughter is suddenly taken during a championship hockey game – with the captors demanding a billion dollars by game's end – he frantically sets a plan in motion to rescue her and abort an impending explosion before the final buzzer.,/4Snihptli0we9I4W5QfufOdHSeV.jpg,/wPSHboBNEInknw4VnCWOD2D8qc2.jpg,TMDB_SEARCH,REVIEW,TMDB ID was not supplied in the import file; manual confirmation required.
Sunset Boulevard,Fandango,NEW_TMDB,,,,No reliable existing catalog match; fetch TMDB and create a new record.,599,Sunset Boulevard,Sunset Boulevard,1950,1950-08-10,A hack screenwriter writes a screenplay for a former silent film star who has faded into Hollywood obscurity.,/zt8aQ6ksqK6p1AopC5zVTDS9pKT.jpg,/p47ihFj4A7EpBjmPHdTj4ipyq1S.jpg,TMDB_SEARCH,REVIEW,TMDB ID was not supplied in the import file; manual confirmation required.
Teen Witch,Prime,NEW_TMDB,,,,No reliable existing catalog match; fetch TMDB and create a new record.,25199,Teen Witch,Teen Witch,1989,1989-04-28,Louise is not very popular at her highschool. Then she learns that she's descended from the witches of Salem and has inherited their powers. At first she uses them to get back at the girls and teachers who teased her and to win the heart of the handsome footballer's captain. But soon she has doubts if it's right to 'cheat' her way to popularity.,/8UNA7PZ9gpoIgELB13bKCwOuICp.jpg,/vRfo7aDU9k10G1FUSixOCPbcBmr.jpg,TMDB_SEARCH,REVIEW,TMDB ID was not supplied in the import file; manual confirmation required.
That Touch of Mink,Fandango,NEW_TMDB,,,,No reliable existing catalog match; fetch TMDB and create a new record.,12708,That Touch of Mink,That Touch of Mink,1962,1962-06-14,"Cathy Timberlake is en route to a job interview when a car transporting businessman Philip Shayne covers her in mud. He sends his assistant, Roger, to apologize, but upon meeting Cathy, Roger knows that she would be a suitable match for his boss. Despite their mutual attraction, Cathy and Philip want different things. Philip wants a fling, while Cathy wants a marriage. As they travel to exotic locales, their differing motivations are put to the test.",/eEG29x9cljGKL2GPmRK9IByyL9e.jpg,/aJaWmyx0sIfVLaLneDdCWqwUiFU.jpg,TMDB_SEARCH,REVIEW,TMDB ID was not supplied in the import file; manual confirmation required.
The Addams Family,Fandango,NEW_TMDB,,,,No reliable existing catalog match; fetch TMDB and create a new record.,481084,The Addams Family,The Addams Family,2019,2019-10-10,"The Addams family's lives begin to unravel when they face-off against a treacherous, greedy crafty reality-TV host while also preparing for their extended family to arrive for a major celebration.",/q1epO0eO8DWu8Vo8tPfvVlzW48T.jpg,/grY5sfuT9YeXWlp4JYCmRZVqjk0.jpg,TMDB_SEARCH,REVIEW,TMDB ID was not supplied in the import file; manual confirmation required.
The American President,Fandango | Movies Anywhere,NEW_TMDB,,,,No reliable existing catalog match; fetch TMDB and create a new record.,9087,The American President,The American President,1995,1995-11-17,"Widowed U.S. president Andrew Shepherd, one of the world's most powerful men, can have anything he wants -- and what he covets most is Sydney Ellen Wade, a Washington lobbyist. But Shepherd's attempts at courting her spark wild rumors and decimate his approval ratings.",/yObOAYFIHXHkFPQ3jhgkN2ezaD.jpg,/62BnXyJtVEq4WKNSpnPG7QPYYDI.jpg,TMDB_SEARCH,REVIEW,TMDB ID was not supplied in the import file; manual confirmation required.
The Conversation,Fandango,NEW_TMDB,,,,No reliable existing catalog match; fetch TMDB and create a new record.,592,The Conversation,The Conversation,1974,1974-04-12,"A paranoid, secretive surveillance expert has a crisis of conscience when he suspects that the couple he is spying on will be murdered.",/dHqVBwcv1SGymOpUueRoKzcmdes.jpg,/s7yfiwIshKQIT6M8ZcTnFKXHs8B.jpg,TMDB_SEARCH,REVIEW,TMDB ID was not supplied in the import file; manual confirmation required.
The Expendables 3,Fandango | Movies Anywhere,NEW_TMDB,,,,No reliable existing catalog match; fetch TMDB and create a new record.,138103,The Expendables 3,The Expendables 3,2014,2014-08-07,"Barney, Christmas and the rest of the team comes face-to-face with Conrad Stonebanks, who years ago co-founded The Expendables with Barney. Stonebanks subsequently became a ruthless arms trader and someone who Barney was forced to kill… or so he thought. Stonebanks, who eluded death once before, now is making it his mission to end The Expendables -- but Barney has other plans. Barney decides that he has to fight old blood with new blood, and brings in a new era of Expendables team members, recruiting individuals who are younger, faster and more tech-savvy. The latest mission becomes a clash of classic old-school style versus high-tech expertise in the Expendables’ most personal battle yet.",/utS5euWHlEdKBNnEFwjpZ2oGuhF.jpg,/xSfBWkAarrPwwfiGBAMt8wqxUUH.jpg,TMDB_SEARCH,REVIEW,TMDB ID was not supplied in the import file; manual confirmation required.
The Fall Guy,Fandango | Movies Anywhere,NEW_TMDB,,,,No reliable existing catalog match; fetch TMDB and create a new record.,746036,The Fall Guy,The Fall Guy,2024,2024-04-24,"Fresh off an almost career-ending accident, stuntman Colt Seavers has to track down a missing movie star, solve a conspiracy and try to win back the love of his life while still doing his day job.",/e7olqFmzcIX5c23kX4zSmLPJi8c.jpg,/2rjI2uXmjitMAaXVO21r9ao7v2j.jpg,TMDB_SEARCH,REVIEW,TMDB ID was not supplied in the import file; manual confirmation required.
The Fate of the Furious,Fandango | Movies Anywhere,NEW_TMDB,,,,No reliable existing catalog match; fetch TMDB and create a new record.,337339,The Fate of the Furious,The Fate of the Furious,2017,2017-04-12,"When a mysterious woman seduces Dom into the world of crime and a betrayal of those closest to him, the crew face trials that will test them as never before.",/dImWM7GJqryWJO9LHa3XQ8DD5NH.jpg,/3IJ8kG8i84PncXkSovu0PaZQfjM.jpg,TMDB_SEARCH,REVIEW,TMDB ID was not supplied in the import file; manual confirmation required.
The Final Destination 4,Movies Anywhere,NEW_TMDB,,,,No reliable existing catalog match; fetch TMDB and create a new record.,19912,The Final Destination,The Final Destination,2009,2009-08-26,A horrifying premonition saves a young man and his friends from death during a racetrack accident but terrible fates await them nonetheless.,/5vxXrr1MqGsT4NNeRITpfDnl4Rq.jpg,/vMaKc5PwdKIIBt5q7JQjfgyESYT.jpg,TMDB_SEARCH,REVIEW,TMDB ID was not supplied in the import file; manual confirmation required.
The Fugitive,Fandango | Movies Anywhere,NEW_TMDB,,,,No reliable existing catalog match; fetch TMDB and create a new record.,5503,The Fugitive,The Fugitive,1993,1993-08-06,"Wrongfully convicted of murdering his wife and sentenced to death, Richard Kimble escapes from the law in an attempt to find the real killer and clear his name.",/b3rEtLKyOnF89mcK75GXDXdmOEf.jpg,/7WVRxZ7KZmzoHnUkAjnEFT4o6Dw.jpg,TMDB_SEARCH,REVIEW,TMDB ID was not supplied in the import file; manual confirmation required.
The Grass Is Greener,Fandango,NEW_TMDB,,,,No reliable existing catalog match; fetch TMDB and create a new record.,25767,The Grass Is Greener,The Grass Is Greener,1960,1960-12-23,"Victor and Hillary are down on their luck to the point that they allow tourists to take guided tours of their castle. But Charles Delacro, a millionaire oil tycoon, visits, and takes a liking to more than the house. Soon, Hattie Durant gets involved and they have a good old fashioned love triangle.",/3peOV81MRImLDX8bnGUHOJSB0lN.jpg,/gTjkmraoxRI2vKOzB14kLTPmmDA.jpg,TMDB_SEARCH,REVIEW,TMDB ID was not supplied in the import file; manual confirmation required.
The Great Outdoors,Fandango | Movies Anywhere,NEW_TMDB,,,,No reliable existing catalog match; fetch TMDB and create a new record.,2617,The Great Outdoors,The Great Outdoors,1988,1988-06-17,"It's vacation time for outdoorsy Chicago man Chet Ripley, along with his wife, Connie, and their two kids, Buck and Ben. But a serene weekend of fishing at a Wisconsin lakeside cabin gets crashed by Connie's obnoxious brother-in-law, Roman Craig, his wife, Kate, and the couple's two daughters. As the excursion wears on, the Ripleys find themselves at odds with the stuffy Craig family.",/zxIoPZiqKOxrWvieumpxA6bOgkt.jpg,/lLvTqn3P1MFiCSAWEjSoR3MxRsX.jpg,TMDB_SEARCH,REVIEW,TMDB ID was not supplied in the import file; manual confirmation required.
The Hangover Part 2,Fandango,NEW_TMDB,,,,No reliable existing catalog match; fetch TMDB and create a new record.,45243,The Hangover Part II,The Hangover Part II,2011,2011-05-25,"The Hangover crew heads to Thailand for Stu's wedding. After the disaster of a bachelor party in Las Vegas last year, Stu is playing it safe with a mellow pre-wedding brunch. However, nothing goes as planned and Bangkok is the perfect setting for another adventure with the rowdy group.",/cKZu0Fdkj7dmwbfMpgDqVVCkLJQ.jpg,/aGmsekNU5cMOkJMpbdRutkvmVMl.jpg,TMDB_SEARCH,REVIEW,TMDB ID was not supplied in the import file; manual confirmation required.
The Hangover Part 3,Fandango,NEW_TMDB,,,,No reliable existing catalog match; fetch TMDB and create a new record.,109439,The Hangover Part III,The Hangover Part III,2013,2013-05-23,"This time, there's no wedding. No bachelor party. What could go wrong, right? But when the Wolfpack hits the road, all bets are off.",/vtxuPWkdllLNLVyGjKYa267ntuH.jpg,/o8ZS811VjYbBi4pRYwILLdWCVey.jpg,TMDB_SEARCH,REVIEW,TMDB ID was not supplied in the import file; manual confirmation required.
The Hangover Part II,Movies Anywhere,NEW_TMDB,,,,No reliable existing catalog match; fetch TMDB and create a new record.,45243,The Hangover Part II,The Hangover Part II,2011,2011-05-25,"The Hangover crew heads to Thailand for Stu's wedding. After the disaster of a bachelor party in Las Vegas last year, Stu is playing it safe with a mellow pre-wedding brunch. However, nothing goes as planned and Bangkok is the perfect setting for another adventure with the rowdy group.",/cKZu0Fdkj7dmwbfMpgDqVVCkLJQ.jpg,/aGmsekNU5cMOkJMpbdRutkvmVMl.jpg,TMDB_SEARCH,REVIEW,TMDB ID was not supplied in the import file; manual confirmation required.
The Hangover Part III,Movies Anywhere,NEW_TMDB,,,,No reliable existing catalog match; fetch TMDB and create a new record.,109439,The Hangover Part III,The Hangover Part III,2013,2013-05-23,"This time, there's no wedding. No bachelor party. What could go wrong, right? But when the Wolfpack hits the road, all bets are off.",/vtxuPWkdllLNLVyGjKYa267ntuH.jpg,/o8ZS811VjYbBi4pRYwILLdWCVey.jpg,TMDB_SEARCH,REVIEW,TMDB ID was not supplied in the import file; manual confirmation required.
The Housemaid,Fandango | Movies Anywhere,NEW_TMDB,,,,No reliable existing catalog match; fetch TMDB and create a new record.,1368166,The Housemaid,The Housemaid,2025,2025-12-18,"Trying to escape her past, Millie Calloway accepts a job as a live-in housemaid for the wealthy Nina and Andrew Winchester. But what begins as a dream job quickly unravels into something far more dangerous—a sexy, seductive game of secrets, scandal, and power.",/cWsBscZzwu5brg9YjNkGewRUvJX.jpg,/zTnAnYIn0Iv3cn0ZHlzLhou3ybm.jpg,TMDB_SEARCH,REVIEW,TMDB ID was not supplied in the import file; manual confirmation required.
The Hunger Games: The Ballad of Songbirds & Snakes,Fandango | Movies Anywhere,NEW_TMDB,,,,No reliable existing catalog match; fetch TMDB and create a new record.,695721,The Hunger Games: The Ballad of Songbirds & Snakes,The Hunger Games: The Ballad of Songbirds & Snakes,2023,2023-11-15,"64 years before he becomes the tyrannical president of Panem, Coriolanus Snow sees a chance for a change in fortunes when he mentors Lucy Gray Baird, the female tribute from District 12.",/mBaXZ95R2OxueZhvQbcEWy2DqyO.jpg,/bk1TitfD4YIGrM6AvljonMCtfnl.jpg,TMDB_SEARCH,REVIEW,TMDB ID was not supplied in the import file; manual confirmation required.
The Italian Job,Fandango,NEW_TMDB,,,,No reliable existing catalog match; fetch TMDB and create a new record.,9654,The Italian Job,The Italian Job,2003,2003-05-30,"Charlie Croker pulled off the crime of a lifetime. The one thing that he didn't plan on was being double-crossed. Along with a drop-dead gorgeous safecracker, Croker and his team take off to re-steal the loot and end up in a pulse-pounding, pedal-to-the-metal chase that careens up, down, above and below the streets of Los Angeles.",/eSkjK4kctyrWpFhxl35GPvSs6tI.jpg,/jPH8ROhZMLvP0owQCE1J6it7fN0.jpg,TMDB_SEARCH,REVIEW,TMDB ID was not supplied in the import file; manual confirmation required.
The Land Before Time XII: The Great Day of the Flyers,Fandango | Movies Anywhere,NEW_TMDB,,,,No reliable existing catalog match; fetch TMDB and create a new record.,31933,The Land Before Time XII: The Great Day of the Flyers,The Land Before Time XII: The Great Day of the Flyers,2006,2006-02-27,"As the Great Day of the Flyers nears, the Great Valley's flying youngsters are eager to participate in the annual exhibition to show off their skills. Everyone, that is, except free-spirited pterodactyl Petrie, whose individualism causes problems when it comes to staying in formation. Enter his dinosaur pals Littlefoot, Cera, Spike and Ducky, who encourage Petrie to embrace his uniqueness.",/7WKZksck9oLWBQnSZYdmrhaY3At.jpg,/kBgDeXKBBrVdbkm0ItJA2Z0avlF.jpg,TMDB_SEARCH,REVIEW,TMDB ID was not supplied in the import file; manual confirmation required.
The LEGO Ninjago Movie,Fandango | Movies Anywhere,NEW_TMDB,,,,No reliable existing catalog match; fetch TMDB and create a new record.,274862,The Lego Ninjago Movie,The Lego Ninjago Movie,2017,2017-09-21,"Six young ninjas are tasked with defending their island home of Ninjago. By night, they’re gifted warriors using their skill and awesome fleet of vehicles to fight villains and monsters. By day, they’re ordinary teens struggling against their greatest enemy....high school.",/vUo0pNXGhp2ffTJxiStWt6fHL7F.jpg,/6BQis8u6Q8U5J4EHqdyRRIE0njI.jpg,TMDB_SEARCH,REVIEW,TMDB ID was not supplied in the import file; manual confirmation required.
The Lost World: Jurassic Park,Fandango | Movies Anywhere,NEW_TMDB,,,,No reliable existing catalog match; fetch TMDB and create a new record.,330,The Lost World: Jurassic Park,The Lost World: Jurassic Park,1997,1997-05-23,"Four years after Jurassic Park's genetically bred dinosaurs ran amok, multimillionaire John Hammond shocks chaos theorist Ian Malcolm by revealing that he has been breeding more beasties at a secret location. Malcolm, his paleontologist ladylove and a wildlife videographer join an expedition to document the lethal lizards' natural behavior in this action-packed thriller.",/7st3JW0xpMAkwB3dYfv3iqAwD8Y.jpg,/A4rYaPdzgocCjQ0n9LUSYUxyvpS.jpg,TMDB_SEARCH,REVIEW,TMDB ID was not supplied in the import file; manual confirmation required.
The Man Who Invented Christmas,Fandango | Movies Anywhere,NEW_TMDB,,,,No reliable existing catalog match; fetch TMDB and create a new record.,450322,The Man Who Invented Christmas,The Man Who Invented Christmas,2017,2017-10-12,"In 1843, despite the fact that Dickens is a successful writer, the failure of his latest book puts his career at a crossroads, until the moment when, struggling with inspiration and confronting reality with his childhood memories, a new character is born in the depths of his troubled mind; an old, lonely, embittered man, so vivid, so human, that a whole world grows around him, a story so inspiring that changed the meaning of Christmas forever.",/qRkzRue5rTzB6PESXBJCKqROOXC.jpg,/hm8Gux0946IfeJ1PZwztOo6lVHH.jpg,TMDB_SEARCH,REVIEW,TMDB ID was not supplied in the import file; manual confirmation required.
The Mask of Zorro,Fandango | Movies Anywhere,NEW_TMDB,,,,No reliable existing catalog match; fetch TMDB and create a new record.,9342,The Mask of Zorro,The Mask of Zorro,1998,1998-07-16,"It has been twenty years since Don Diego de la Vega fought Spanish oppression in Alta California as the legendary romantic hero, Zorro. Having escaped from prison he transforms troubled bandit Alejandro into his successor, in order to foil the plans of the tyrannical Don Rafael Montero who robbed him of his freedom, his wife and his precious daughter.",/bdMufwGDDzqu4kTSQwrKc5WR4bu.jpg,/fozyUa1Zl9kMb1CxDIR6tybw8Jt.jpg,TMDB_SEARCH,REVIEW,TMDB ID was not supplied in the import file; manual confirmation required.
The Maze Runner,Fandango | Movies Anywhere,NEW_TMDB,,,,No reliable existing catalog match; fetch TMDB and create a new record.,198663,The Maze Runner,The Maze Runner,2014,2014-09-10,"A teenager with no memory of his past finds himself among a group of boys living in a walled enclosure surrounded by a massive, ever-changing maze. As he struggles to adapt to their rules and society, he begins to uncover clues that may lead to escape and the truth behind their confinement.",/ode14q7WtDugFDp78fo9lCsmay9.jpg,/eTlcNXGv32zkVI7ZDHhfeaKHXKQ.jpg,TMDB_SEARCH,REVIEW,TMDB ID was not supplied in the import file; manual confirmation required.
The Ministry Of Ungentlemanly Warfare,Fandango | Movies Anywhere,NEW_TMDB,,,,No reliable existing catalog match; fetch TMDB and create a new record.,799583,The Ministry of Ungentlemanly Warfare,The Ministry of Ungentlemanly Warfare,2024,2024-04-18,"During World War II, the British Army assigns a group of competent soldiers to carry out a mission against the Nazi forces behind enemy lines... A true story about a secret British WWII organization — the Special Operations Executive. Founded by Winston Churchill, their irregular warfare against the Germans helped to change the course of the war, and gave birth to modern black operations.",/8aF0iAKH9MJMYAZdi0Slg77RYa2.jpg,/hm21I7yc6oYBogTloET3eXsVPlq.jpg,TMDB_SEARCH,REVIEW,TMDB ID was not supplied in the import file; manual confirmation required.
The Naked Gun,Fandango,NEW_TMDB,,,,No reliable existing catalog match; fetch TMDB and create a new record.,1035259,The Naked Gun,The Naked Gun,2025,2025-07-30,"Only one man has the particular set of skills... to lead Police Squad and save the world: Lt. Frank Drebin Jr. Following in his father's footsteps, he must solve a murder case to prevent Police Squad from closure.",/rwla9vqzrKVVKVKiOuROTIXGsxj.jpg,/1wi1hcbl6KYqARjdQ4qrBWZdiau.jpg,TMDB_SEARCH,REVIEW,TMDB ID was not supplied in the import file; manual confirmation required.
The Nice Guys,Fandango | Movies Anywhere,NEW_TMDB,,,,No reliable existing catalog match; fetch TMDB and create a new record.,290250,The Nice Guys,The Nice Guys,2016,2016-05-15,A private eye investigates the apparent suicide of a fading porn star in 1970s Los Angeles and uncovers a conspiracy.,/clq4So9spa9cXk3MZy2iMdqkxP2.jpg,/yxYUN3fBPJdTNdXC1l8L24XFPhX.jpg,TMDB_SEARCH,REVIEW,TMDB ID was not supplied in the import file; manual confirmation required.
The Producers,Fandango | Movies Anywhere,NEW_TMDB,,,,No reliable existing catalog match; fetch TMDB and create a new record.,30197,The Producers,The Producers,1968,1968-03-18,"A conniving Broadway producer and his meek accountant plan to profit from charming wealthy old biddies to invest in an overbudget production, and then put on a sure-fire disaster, so nobody will ask for their money back — and what's more disastrous than a tasteless musical celebrating Adolf Hitler.",/9qCIkNWGuRj5lMyeOXwJs8z9nRz.jpg,/hQPDNRs6Zvt1pwss7DSu5Cihtim.jpg,TMDB_SEARCH,REVIEW,TMDB ID was not supplied in the import file; manual confirmation required.
The ProtÃ©gÃ©,Fandango | Movies Anywhere,NEW_TMDB,,,,No reliable existing catalog match; fetch TMDB and create a new record.,,,,,,,,,NO_RESULT,REVIEW,No TMDB result found.
The Score,Fandango,NEW_TMDB,,,,No reliable existing catalog match; fetch TMDB and create a new record.,11371,The Score,The Score,2001,2001-07-13,An aging thief hopes to retire and live off his ill-gotten wealth when a young kid convinces him into doing one last heist.,/fsb4m9XW59mei8GKznvI3lLzcfp.jpg,/tCBcuOw60wjzLvg9oJdZKlBn1nG.jpg,TMDB_SEARCH,REVIEW,TMDB ID was not supplied in the import file; manual confirmation required.
The Shining,Fandango | Movies Anywhere,NEW_TMDB,,,,No reliable existing catalog match; fetch TMDB and create a new record.,694,The Shining,The Shining,1980,1980-05-23,"Jack Torrance accepts a caretaker job at the Overlook Hotel, where he, along with his wife Wendy and their son Danny, must live isolated from the rest of the world for the winter. But they aren't prepared for the madness that lurks within.",/uAR0AWqhQL1hQa69UDEbb2rE5Wx.jpg,/AdKA2F1SzYPhSZdEbjH1Zh75UVQ.jpg,TMDB_SEARCH,REVIEW,TMDB ID was not supplied in the import file; manual confirmation required.
The Siege,Fandango | Movies Anywhere,NEW_TMDB,,,,No reliable existing catalog match; fetch TMDB and create a new record.,9882,The Siege,The Siege,1998,1998-11-06,"The secret US abduction of a suspected terrorist from his Middle East homeland leads to a wave of terrorist attacks in New York.  An FBI senior agent and his team attempt to locate and decommission the enemy cells, but must also deal with an Army General gone rogue and a female CIA agent of uncertain loyalties.",/gbeeWu8rYaIYMyq9ayN1AepjNxP.jpg,/c2B8gl2ZLbelWxS0ZODPKGJxdWX.jpg,TMDB_SEARCH,REVIEW,TMDB ID was not supplied in the import file; manual confirmation required.
The Sound of Music,Fandango | Movies Anywhere,NEW_TMDB,,,,No reliable existing catalog match; fetch TMDB and create a new record.,15121,The Sound of Music,The Sound of Music,1965,1965-03-29,"In the years before World War II, a tomboyish postulant at an Austrian abbey is hired as a governess in the home of a widowed naval captain with seven children and brings a new love of life and music into the home.",/c6CrUZypAsBCaRWX0M3RVRDbhNS.jpg,/ioQYjcRnU54ir5ltgyS7k53zw5x.jpg,TMDB_SEARCH,REVIEW,TMDB ID was not supplied in the import file; manual confirmation required.
The Super Mario Bros. Movie,Fandango | Movies Anywhere,NEW_TMDB,,,,No reliable existing catalog match; fetch TMDB and create a new record.,502356,The Super Mario Bros. Movie,The Super Mario Bros. Movie,2023,2023-04-05,"While working underground to fix a water main, Brooklyn plumbers—and brothers—Mario and Luigi are transported down a mysterious pipe and wander into a magical new world. But when the brothers are separated, Mario embarks on an epic quest to find Luigi.",/qNBAXBIQlnOThrVvA6mA2B5ggV6.jpg,/9n2tJBplPbgR2ca05hS5CKXwP2c.jpg,TMDB_SEARCH,REVIEW,TMDB ID was not supplied in the import file; manual confirmation required.
The Unbearable Weight of Massive Talent,Fandango | Movies Anywhere,NEW_TMDB,,,,No reliable existing catalog match; fetch TMDB and create a new record.,648579,The Unbearable Weight of Massive Talent,The Unbearable Weight of Massive Talent,2022,2022-04-20,"Creatively unfulfilled and facing financial ruin, Nick Cage must accept a $1 million offer to attend the birthday of a dangerous superfan. Things take a wildly unexpected turn when Cage is recruited by a CIA operative and forced to live up to his own legend, channeling his most iconic and beloved on-screen characters in order to save himself and his loved ones.",/aqhLeieyTpTUKPOfZ3jzo2La0Mq.jpg,/m0YjB4VfghKey8Ppsmz8qCd0v1m.jpg,TMDB_SEARCH,REVIEW,TMDB ID was not supplied in the import file; manual confirmation required.
The War of the Roses,Fandango | Movies Anywhere,NEW_TMDB,,,,No reliable existing catalog match; fetch TMDB and create a new record.,249,The War of the Roses,The War of the Roses,1989,1989-12-08,"Barbara and Oliver Rose live happily as a married couple. When Barbara starts to wonder what life would be like without Oliver and likes what she sees, the two begin a campaign to force each other to leave their house, with their divorce lawyer D'Amato caught in the middle.",/9VWwYsuXhRImUtrJGvN6bYJB2He.jpg,/2fdvCbGsTMIoOS2mRXCTy52FvCH.jpg,TMDB_SEARCH,REVIEW,TMDB ID was not supplied in the import file; manual confirmation required.
To Catch a Thief,Fandango,NEW_TMDB,,,,No reliable existing catalog match; fetch TMDB and create a new record.,381,To Catch a Thief,To Catch a Thief,1955,1955-08-03,"When a string of jewel robberies hits the French Riviera, suspicion falls on retired thief John “The Cat” Robie. To clear his name, he sets out to trap the copycat himself—entangling a wealthy widow and her beguiling daughter in a seductive game of pursuit, deception, and desire.",/cbMRkBGBgo3aLJK2M4MyicvkPLQ.jpg,/jGyDvz8WjVZzHX573WDs8BTIUU9.jpg,TMDB_SEARCH,REVIEW,TMDB ID was not supplied in the import file; manual confirmation required.
Twister,Fandango | Movies Anywhere,NEW_TMDB,,,,No reliable existing catalog match; fetch TMDB and create a new record.,664,Twister,Twister,1996,1996-05-10,"An unprecedented series of violent tornadoes is sweeping across Oklahoma. Tornado chasers, headed by Dr. Jo Harding, attempt to release a groundbreaking device that will allow them to track them and create a more advanced warning system. They are joined by Jo's soon to be ex-husband Bill, a former tornado chaser himself, and his girlfriend Melissa.",/d4ie3f6QTvNw40V770Uzo87SDZn.jpg,/5oCAo7LFj2x0yByfi5JYirGnK8I.jpg,TMDB_SEARCH,REVIEW,TMDB ID was not supplied in the import file; manual confirmation required.
Twisters,Fandango | Movies Anywhere,NEW_TMDB,,,,No reliable existing catalog match; fetch TMDB and create a new record.,718821,Twisters,Twisters,2024,2024-07-10,"As storm season intensifies, the paths of former storm chaser Kate Carter and reckless social-media superstar Tyler Owens collide when terrifying phenomena never seen before are unleashed. The pair and their competing teams find themselves squarely in the paths of multiple storm systems converging over central Oklahoma in the fight of their lives.",/pjnD08FlMAIXsfOLKQbvmO0f0MD.jpg,/58D6ZAvOKxlHjyX9S8qNKSBE9Y.jpg,TMDB_SEARCH,REVIEW,TMDB ID was not supplied in the import file; manual confirmation required.
Valentine's Day,Fandango | Movies Anywhere,NEW_TMDB,,,,No reliable existing catalog match; fetch TMDB and create a new record.,32856,Valentine's Day,Valentine's Day,2010,2010-02-10,Intertwining couples and singles in Los Angeles break-up and make-up based on the pressures and expectations of Valentine's Day.,/qOTcfD2DdnOTmhH0r1TOE09VvNh.jpg,/ceVkF5gRQSBhuceWnraTHBmH2TY.jpg,TMDB_SEARCH,REVIEW,TMDB ID was not supplied in the import file; manual confirmation required.
Venom,Fandango | Movies Anywhere,NEW_TMDB,,,,No reliable existing catalog match; fetch TMDB and create a new record.,335983,Venom,Venom,2018,2018-09-28,"Investigative journalist Eddie Brock attempts a comeback following a scandal, but accidentally becomes the host of Venom, a violent, super powerful alien symbiote. Soon, he must rely on his newfound powers to protect the world from a shadowy organization looking for a symbiote of their own.",/2uNW4WbgBXL25BAbXGLnLqX71Sw.jpg,/hNsYUryiwxcdeTMkaBcPF3iEg0p.jpg,TMDB_SEARCH,REVIEW,TMDB ID was not supplied in the import file; manual confirmation required.
Venom: Let There Be Carnage,Fandango | Movies Anywhere,NEW_TMDB,,,,No reliable existing catalog match; fetch TMDB and create a new record.,580489,Venom: Let There Be Carnage,Venom: Let There Be Carnage,2021,2021-09-30,"After finding a host body in investigative reporter Eddie Brock, the alien symbiote must face a new enemy, Carnage, the alter ego of serial killer Cletus Kasady.",/pzKsRuKLFmYrW5Q0q8E8G78Tcgo.jpg,/eENEf62tMXbhyVvdcXlnQz2wcuT.jpg,TMDB_SEARCH,REVIEW,TMDB ID was not supplied in the import file; manual confirmation required.
Vertigo,Fandango | Movies Anywhere,NEW_TMDB,,,,No reliable existing catalog match; fetch TMDB and create a new record.,426,Vertigo,Vertigo,1958,1958-05-28,"A retired San Francisco detective suffering from acrophobia investigates the strange activities of an old friend's wife, all the while becoming dangerously obsessed with her.",/15uOEfqBNTVtDUT7hGBVCka0rZz.jpg,/rtVwkTqllcmyY4TVOycgVBHppWf.jpg,TMDB_SEARCH,REVIEW,TMDB ID was not supplied in the import file; manual confirmation required.
What Happens Later,Prime,NEW_TMDB,,,,No reliable existing catalog match; fetch TMDB and create a new record.,970948,What Happens Later,What Happens Later,2023,2023-11-02,"Two ex-lovers get snowed in at a regional airport overnight. Indefinitely delayed, Willa, a magical thinker, and Bill, a catastrophic one, find themselves just as attracted to and annoyed by one another as they did decades earlier. But as they unpack the riddle of their mutual past and compare their lives to the dreams they once shared, they begin to wonder if their reunion is mere coincidence, or something more enchanted.",/oSAdS03j8zbjv35gKdjrIL5snw1.jpg,/cteNJT0XmlXNWc30sIijOLMvgty.jpg,TMDB_SEARCH,REVIEW,TMDB ID was not supplied in the import file; manual confirmation required.
